"filename", "language", "YAML", "JavaScript", "XML", "JavaScript JSX", "Rust", "PostCSS", "Diff", "HTML", "Ignore", "JSON", "comment", "blank", "total"
"d:\github\cyclemetry-reloaded\.github\workflows\release-linux.yml", "YAML", 134, 0, 0, 0, 0, 0, 0, 0, 0, 0, 0, 20, 154
"d:\github\cyclemetry-reloaded\.github\workflows\release-macos.yml", "YAML", 56, 0, 0, 0, 0, 0, 0, 0, 0, 0, 0, 13, 69
"d:\github\cyclemetry-reloaded\.github\workflows\release-ms-store.yml", "YAML", 76, 0, 0, 0, 0, 0, 0, 0, 0, 0, 12, 20, 108
"d:\github\cyclemetry-reloaded\.github\workflows\release-win.yml", "YAML", 58, 0, 0, 0, 0, 0, 0, 0, 0, 0, 0, 14, 72
"d:\github\cyclemetry-reloaded\.github\workflows\semantic-release.yml", "YAML", 42, 0, 0, 0, 0, 0, 0, 0, 0, 0, 0, 10, 52
"d:\github\cyclemetry-reloaded\app\.prettierignore", "Ignore", 0, 0, 0, 0, 0, 0, 0, 0, 5, 0, 0, 1, 6
"d:\github\cyclemetry-reloaded\app\.prettierrc", "JSON", 0, 0, 0, 0, 0, 0, 0, 0, 0, 8, 0, 1, 9
"d:\github\cyclemetry-reloaded\app\eslint.config.js", "JavaScript", 0, 69, 0, 0, 0, 0, 0, 0, 0, 0, 3, 3, 75
"d:\github\cyclemetry-reloaded\app\index.html", "HTML", 0, 0, 0, 0, 0, 0, 0, 19, 0, 0, 0, 1, 20
"d:\github\cyclemetry-reloaded\app\public\logo.svg", "XML", 0, 0, 142, 0, 0, 0, 0, 0, 0, 0, 1, 2, 145
"d:\github\cyclemetry-reloaded\app\scripts\generate_parse_debug_from_raw_samples.mjs", "JavaScript", 0, 36, 0, 0, 0, 0, 0, 0, 0, 0, 0, 9, 45
"d:\github\cyclemetry-reloaded\app\src\App.jsx", "JavaScript JSX", 0, 0, 0, 200, 0, 0, 0, 0, 0, 0, 42, 22, 264
"d:\github\cyclemetry-reloaded\app\src\api\backend.js", "JavaScript", 0, 216, 0, 0, 0, 0, 0, 0, 0, 0, 186, 47, 449
"d:\github\cyclemetry-reloaded\app\src\components\ui\accordion.jsx", "JavaScript JSX", 0, 0, 0, 36, 0, 0, 0, 0, 0, 0, 29, 8, 73
"d:\github\cyclemetry-reloaded\app\src\components\ui\alert.jsx", "JavaScript JSX", 0, 0, 0, 33, 0, 0, 0, 0, 0, 0, 25, 8, 66
"d:\github\cyclemetry-reloaded\app\src\components\ui\badge.jsx", "JavaScript JSX", 0, 0, 0, 25, 0, 0, 0, 0, 0, 0, 12, 7, 44
"d:\github\cyclemetry-reloaded\app\src\components\ui\blur-input.jsx", "JavaScript JSX", 0, 0, 0, 113, 0, 0, 0, 0, 0, 0, 19, 19, 151
"d:\github\cyclemetry-reloaded\app\src\components\ui\button.jsx", "JavaScript JSX", 0, 0, 0, 41, 0, 0, 0, 0, 0, 0, 13, 7, 61
"d:\github\cyclemetry-reloaded\app\src\components\ui\color-picker.jsx", "JavaScript JSX", 0, 0, 0, 1253, 0, 0, 0, 0, 0, 0, 176, 177, 1606
"d:\github\cyclemetry-reloaded\app\src\components\ui\font-select-field.jsx", "JavaScript JSX", 0, 0, 0, 77, 0, 0, 0, 0, 0, 0, 16, 11, 104
"d:\github\cyclemetry-reloaded\app\src\components\ui\hex-color-picker.jsx", "JavaScript JSX", 0, 0, 0, 157, 0, 0, 0, 0, 0, 0, 18, 16, 191
"d:\github\cyclemetry-reloaded\app\src\components\ui\input.jsx", "JavaScript JSX", 0, 0, 0, 20, 0, 0, 0, 0, 0, 0, 12, 6, 38
"d:\github\cyclemetry-reloaded\app\src\components\ui\label.jsx", "JavaScript JSX", 0, 0, 0, 18, 0, 0, 0, 0, 0, 0, 10, 5, 33
"d:\github\cyclemetry-reloaded\app\src\components\ui\popover.jsx", "JavaScript JSX", 0, 0, 0, 38, 0, 0, 0, 0, 0, 0, 51, 11, 100
"d:\github\cyclemetry-reloaded\app\src\components\ui\progress.jsx", "JavaScript JSX", 0, 0, 0, 19, 0, 0, 0, 0, 0, 0, 11, 5, 35
"d:\github\cyclemetry-reloaded\app\src\components\ui\select.jsx", "JavaScript JSX", 0, 0, 0, 118, 0, 0, 0, 0, 0, 0, 76, 14, 208
"d:\github\cyclemetry-reloaded\app\src\components\ui\separator.jsx", "JavaScript JSX", 0, 0, 0, 19, 0, 0, 0, 0, 0, 0, 12, 6, 37
"d:\github\cyclemetry-reloaded\app\src\components\ui\simple-tooltip.jsx", "JavaScript JSX", 0, 0, 0, 20, 0, 0, 0, 0, 0, 0, 14, 7, 41
"d:\github\cyclemetry-reloaded\app\src\components\ui\slider.jsx", "JavaScript JSX", 0, 0, 0, 45, 0, 0, 0, 0, 0, 0, 14, 7, 66
"d:\github\cyclemetry-reloaded\app\src\components\ui\switch.jsx", "JavaScript JSX", 0, 0, 0, 23, 0, 0, 0, 0, 0, 0, 10, 5, 38
"d:\github\cyclemetry-reloaded\app\src\components\ui\tabs.jsx", "JavaScript JSX", 0, 0, 0, 35, 0, 0, 0, 0, 0, 0, 27, 8, 70
"d:\github\cyclemetry-reloaded\app\src\components\ui\visually-hidden-input.jsx", "JavaScript JSX", 0, 0, 0, 96, 0, 0, 0, 0, 0, 0, 10, 26, 132
"d:\github\cyclemetry-reloaded\app\src\components\widgets\icons\widget-cadence.svg", "XML", 0, 0, 54, 0, 0, 0, 0, 0, 0, 0, 0, 1, 55
"d:\github\cyclemetry-reloaded\app\src\components\widgets\icons\widget-course.svg", "XML", 0, 0, 5, 0, 0, 0, 0, 0, 0, 0, 0, 1, 6
"d:\github\cyclemetry-reloaded\app\src\components\widgets\icons\widget-elevation.svg", "XML", 0, 0, 3, 0, 0, 0, 0, 0, 0, 0, 0, 1, 4
"d:\github\cyclemetry-reloaded\app\src\components\widgets\icons\widget-gradient.svg", "XML", 0, 0, 4, 0, 0, 0, 0, 0, 0, 0, 0, 1, 5
"d:\github\cyclemetry-reloaded\app\src\components\widgets\icons\widget-heartrate.svg", "XML", 0, 0, 3, 0, 0, 0, 0, 0, 0, 0, 0, 1, 4
"d:\github\cyclemetry-reloaded\app\src\components\widgets\icons\widget-label.svg", "XML", 0, 0, 5, 0, 0, 0, 0, 0, 0, 0, 0, 1, 6
"d:\github\cyclemetry-reloaded\app\src\components\widgets\icons\widget-power.svg", "XML", 0, 0, 3, 0, 0, 0, 0, 0, 0, 0, 0, 1, 4
"d:\github\cyclemetry-reloaded\app\src\components\widgets\icons\widget-speed.svg", "XML", 0, 0, 4, 0, 0, 0, 0, 0, 0, 0, 0, 1, 5
"d:\github\cyclemetry-reloaded\app\src\components\widgets\icons\widget-temperature.svg", "XML", 0, 0, 3, 0, 0, 0, 0, 0, 0, 0, 0, 1, 4
"d:\github\cyclemetry-reloaded\app\src\components\widgets\icons\widget-time.svg", "XML", 0, 0, 4, 0, 0, 0, 0, 0, 0, 0, 0, 1, 5
"d:\github\cyclemetry-reloaded\app\src\features\app-shell\components\ActionButtons.jsx", "JavaScript JSX", 0, 0, 0, 55, 0, 0, 0, 0, 0, 0, 18, 3, 76
"d:\github\cyclemetry-reloaded\app\src\features\app-shell\components\ActivitySection.jsx", "JavaScript JSX", 0, 0, 0, 57, 0, 0, 0, 0, 0, 0, 17, 6, 80
"d:\github\cyclemetry-reloaded\app\src\features\app-shell\components\AppHeader.jsx", "JavaScript JSX", 0, 0, 0, 73, 0, 0, 0, 0, 0, 0, 16, 7, 96
"d:\github\cyclemetry-reloaded\app\src\features\app-shell\components\ControlPanel.jsx", "JavaScript JSX", 0, 0, 0, 32, 0, 0, 0, 0, 0, 0, 11, 5, 48
"d:\github\cyclemetry-reloaded\app\src\features\app-shell\components\EditorToolbar.jsx", "JavaScript JSX", 0, 0, 0, 126, 0, 0, 0, 0, 0, 0, 22, 5, 153
"d:\github\cyclemetry-reloaded\app\src\features\app-shell\components\ErrorAlert.jsx", "JavaScript JSX", 0, 0, 0, 30, 0, 0, 0, 0, 0, 0, 7, 6, 43
"d:\github\cyclemetry-reloaded\app\src\features\app-shell\components\LoadingOverlay.jsx", "JavaScript JSX", 0, 0, 0, 25, 0, 0, 0, 0, 0, 0, 18, 4, 47
"d:\github\cyclemetry-reloaded\app\src\features\app-shell\components\TemplateSection.jsx", "JavaScript JSX", 0, 0, 0, 81, 0, 0, 0, 0, 0, 0, 19, 5, 105
"d:\github\cyclemetry-reloaded\app\src\features\app-shell\components\TitleBar.jsx", "JavaScript JSX", 0, 0, 0, 11, 0, 0, 0, 0, 0, 0, 3, 2, 16
"d:\github\cyclemetry-reloaded\app\src\features\app-shell\components\WindowControls.jsx", "JavaScript JSX", 0, 0, 0, 56, 0, 0, 0, 0, 0, 0, 5, 6, 67
"d:\github\cyclemetry-reloaded\app\src\features\app-shell\hooks\useActivityImport.js", "JavaScript", 0, 36, 0, 0, 0, 0, 0, 0, 0, 0, 3, 9, 48
"d:\github\cyclemetry-reloaded\app\src\features\app-shell\hooks\useAppBootstrap.js", "JavaScript", 0, 29, 0, 0, 0, 0, 0, 0, 0, 0, 16, 7, 52
"d:\github\cyclemetry-reloaded\app\src\features\app-shell\hooks\useBackendStatus.js", "JavaScript", 0, 70, 0, 0, 0, 0, 0, 0, 0, 0, 8, 16, 94
"d:\github\cyclemetry-reloaded\app\src\features\app-shell\hooks\useEditorShellState.js", "JavaScript", 0, 51, 0, 0, 0, 0, 0, 0, 0, 0, 62, 11, 124
"d:\github\cyclemetry-reloaded\app\src\features\app-shell\index.js", "JavaScript", 0, 10, 0, 0, 0, 0, 0, 0, 0, 0, 4, 2, 16
"d:\github\cyclemetry-reloaded\app\src\features\app-shell\utils\backendDebug.js", "JavaScript", 0, 37, 0, 0, 0, 0, 0, 0, 0, 0, 18, 13, 68
"d:\github\cyclemetry-reloaded\app\src\features\app-shell\utils\templateGroups.js", "JavaScript", 0, 47, 0, 0, 0, 0, 0, 0, 0, 0, 16, 8, 71
"d:\github\cyclemetry-reloaded\app\src\features\overlay-editor\components\OverlayCanvas.jsx", "JavaScript JSX", 0, 0, 0, 284, 0, 0, 0, 0, 0, 0, 19, 25, 328
"d:\github\cyclemetry-reloaded\app\src\features\overlay-editor\components\OverlayEditor.jsx", "JavaScript JSX", 0, 0, 0, 397, 0, 0, 0, 0, 0, 0, 16, 33, 446
"d:\github\cyclemetry-reloaded\app\src\features\overlay-editor\components\OverlayMoveable.jsx", "JavaScript JSX", 0, 0, 0, 94, 0, 0, 0, 0, 0, 0, 24, 11, 129
"d:\github\cyclemetry-reloaded\app\src\features\overlay-editor\data\overlayEditorConfig.js", "JavaScript", 0, 15, 0, 0, 0, 0, 0, 0, 0, 0, 16, 5, 36
"d:\github\cyclemetry-reloaded\app\src\features\overlay-editor\data\overlayEditorConstants.js", "JavaScript", 0, 28, 0, 0, 0, 0, 0, 0, 0, 0, 12, 8, 48
"d:\github\cyclemetry-reloaded\app\src\features\overlay-editor\hooks\useDragHandlers.js", "JavaScript", 0, 145, 0, 0, 0, 0, 0, 0, 0, 0, 26, 26, 197
"d:\github\cyclemetry-reloaded\app\src\features\overlay-editor\hooks\useEditorKeyboard.js", "JavaScript", 0, 57, 0, 0, 0, 0, 0, 0, 0, 0, 14, 14, 85
"d:\github\cyclemetry-reloaded\app\src\features\overlay-editor\hooks\useEditorViewport.js", "JavaScript", 0, 23, 0, 0, 0, 0, 0, 0, 0, 0, 9, 8, 40
"d:\github\cyclemetry-reloaded\app\src\features\overlay-editor\hooks\useOverlayEditorState.js", "JavaScript", 0, 143, 0, 0, 0, 0, 0, 0, 0, 0, 15, 14, 172
"d:\github\cyclemetry-reloaded\app\src\features\overlay-editor\hooks\useResizeHandlers.js", "JavaScript", 0, 78, 0, 0, 0, 0, 0, 0, 0, 0, 17, 10, 105
"d:\github\cyclemetry-reloaded\app\src\features\overlay-editor\hooks\useRotateHandlers.js", "JavaScript", 0, 56, 0, 0, 0, 0, 0, 0, 0, 0, 17, 8, 81
"d:\github\cyclemetry-reloaded\app\src\features\overlay-editor\hooks\useScaleHandlers.js", "JavaScript", 0, 121, 0, 0, 0, 0, 0, 0, 0, 0, 19, 17, 157
"d:\github\cyclemetry-reloaded\app\src\features\overlay-editor\hooks\useWidgetDraftState.js", "JavaScript", 0, 74, 0, 0, 0, 0, 0, 0, 0, 0, 7, 15, 96
"d:\github\cyclemetry-reloaded\app\src\features\overlay-editor\hooks\useWidgetSelection.js", "JavaScript", 0, 65, 0, 0, 0, 0, 0, 0, 0, 0, 13, 12, 90
"d:\github\cyclemetry-reloaded\app\src\features\overlay-editor\index.js", "JavaScript", 0, 20, 0, 0, 0, 0, 0, 0, 0, 0, 6, 7, 33
"d:\github\cyclemetry-reloaded\app\src\features\overlay-editor\utils\createOverlayPointerHandlers.js", "JavaScript", 0, 200, 0, 0, 0, 0, 0, 0, 0, 0, 58, 41, 299
"d:\github\cyclemetry-reloaded\app\src\features\overlay-editor\utils\exportRange.js", "JavaScript", 0, 196, 0, 0, 0, 0, 0, 0, 0, 0, 71, 44, 311
"d:\github\cyclemetry-reloaded\app\src\features\overlay-editor\utils\overlayEditorHelpers.js", "JavaScript", 0, 48, 0, 0, 0, 0, 0, 0, 0, 0, 61, 12, 121
"d:\github\cyclemetry-reloaded\app\src\features\overlay-editor\utils\overlayEditorUtils.js", "JavaScript", 0, 200, 0, 0, 0, 0, 0, 0, 0, 0, 78, 56, 334
"d:\github\cyclemetry-reloaded\app\src\features\overlay-editor\utils\widgetDomHelpers.js", "JavaScript", 0, 80, 0, 0, 0, 0, 0, 0, 0, 0, 50, 20, 150
"d:\github\cyclemetry-reloaded\app\src\features\overlay-editor\utils\widgetRenderGeometry.js", "JavaScript", 0, 69, 0, 0, 0, 0, 0, 0, 0, 0, 0, 11, 80
"d:\github\cyclemetry-reloaded\app\src\features\overlay-editor\utils\widgetResizeScaling.js", "JavaScript", 0, 130, 0, 0, 0, 0, 0, 0, 0, 0, 53, 32, 215
"d:\github\cyclemetry-reloaded\app\src\features\player\components\OverlayPlayer.jsx", "JavaScript JSX", 0, 0, 0, 15, 0, 0, 0, 0, 0, 0, 8, 5, 28
"d:\github\cyclemetry-reloaded\app\src\features\player\components\PlayerToolbar.jsx", "JavaScript JSX", 0, 0, 0, 107, 0, 0, 0, 0, 0, 0, 5, 4, 116
"d:\github\cyclemetry-reloaded\app\src\features\player\components\TimelineLane.jsx", "JavaScript JSX", 0, 0, 0, 53, 0, 0, 0, 0, 0, 0, 5, 2, 60
"d:\github\cyclemetry-reloaded\app\src\features\player\components\TimelineSurface.jsx", "JavaScript JSX", 0, 0, 0, 68, 0, 0, 0, 0, 0, 0, 5, 5, 78
"d:\github\cyclemetry-reloaded\app\src\features\player\hooks\useExportRangeTimeline.js", "JavaScript", 0, 106, 0, 0, 0, 0, 0, 0, 0, 0, 21, 21, 148
"d:\github\cyclemetry-reloaded\app\src\features\player\hooks\useOverlayPlayer.js", "JavaScript", 0, 221, 0, 0, 0, 0, 0, 0, 0, 0, 21, 23, 265
"d:\github\cyclemetry-reloaded\app\src\features\player\hooks\usePlaybackEngine.js", "JavaScript", 0, 231, 0, 0, 0, 0, 0, 0, 0, 0, 40, 23, 294
"d:\github\cyclemetry-reloaded\app\src\features\player\hooks\useTimelineClips.js", "JavaScript", 0, 136, 0, 0, 0, 0, 0, 0, 0, 0, 28, 14, 178
"d:\github\cyclemetry-reloaded\app\src\features\player\hooks\useTimelineGestures.js", "JavaScript", 0, 182, 0, 0, 0, 0, 0, 0, 0, 0, 26, 18, 226
"d:\github\cyclemetry-reloaded\app\src\features\player\hooks\useTimelineViewport.js", "JavaScript", 0, 197, 0, 0, 0, 0, 0, 0, 0, 0, 33, 30, 260
"d:\github\cyclemetry-reloaded\app\src\features\player\index.js", "JavaScript", 0, 1, 0, 0, 0, 0, 0, 0, 0, 0, 3, 2, 6
"d:\github\cyclemetry-reloaded\app\src\features\player\utils\playerTiming.js", "JavaScript", 0, 53, 0, 0, 0, 0, 0, 0, 0, 0, 34, 14, 101
"d:\github\cyclemetry-reloaded\app\src\features\player\utils\timelineGeometry.js", "JavaScript", 0, 53, 0, 0, 0, 0, 0, 0, 0, 0, 40, 14, 107
"d:\github\cyclemetry-reloaded\app\src\features\player\utils\timelineViewport.js", "JavaScript", 0, 167, 0, 0, 0, 0, 0, 0, 0, 0, 66, 36, 269
"d:\github\cyclemetry-reloaded\app\src\features\render-video\components\ExportRangeSettings.jsx", "JavaScript JSX", 0, 0, 0, 90, 0, 0, 0, 0, 0, 0, 13, 9, 112
"d:\github\cyclemetry-reloaded\app\src\features\render-video\components\RenderProgressPanel.jsx", "JavaScript JSX", 0, 0, 0, 99, 0, 0, 0, 0, 0, 0, 16, 14, 129
"d:\github\cyclemetry-reloaded\app\src\features\render-video\components\RenderVideoDialog.jsx", "JavaScript JSX", 0, 0, 0, 287, 0, 0, 0, 0, 0, 0, 15, 19, 321
"d:\github\cyclemetry-reloaded\app\src\features\render-video\data\bitrateDefaults.js", "JavaScript", 0, 43, 0, 0, 0, 0, 0, 0, 0, 0, 15, 5, 63
"d:\github\cyclemetry-reloaded\app\src\features\render-video\data\renderConstants.js", "JavaScript", 0, 84, 0, 0, 0, 0, 0, 0, 0, 0, 8, 6, 98
"d:\github\cyclemetry-reloaded\app\src\features\render-video\hooks\useRenderDialogState.js", "JavaScript", 0, 42, 0, 0, 0, 0, 0, 0, 0, 0, 17, 11, 70
"d:\github\cyclemetry-reloaded\app\src\features\render-video\hooks\useRenderVideoDerivedState.js", "JavaScript", 0, 82, 0, 0, 0, 0, 0, 0, 0, 0, 9, 6, 97
"d:\github\cyclemetry-reloaded\app\src\features\render-video\hooks\useRenderVideoDialogState.js", "JavaScript", 0, 218, 0, 0, 0, 0, 0, 0, 0, 0, 16, 32, 266
"d:\github\cyclemetry-reloaded\app\src\features\render-video\hooks\useRenderWorkflow.js", "JavaScript", 0, 308, 0, 0, 0, 0, 0, 0, 0, 0, 15, 30, 353
"d:\github\cyclemetry-reloaded\app\src\features\render-video\index.js", "JavaScript", 0, 4, 0, 0, 0, 0, 0, 0, 0, 0, 4, 2, 10
"d:\github\cyclemetry-reloaded\app\src\features\render-video\utils\codecUtils.js", "JavaScript", 0, 135, 0, 0, 0, 0, 0, 0, 0, 0, 89, 34, 258
"d:\github\cyclemetry-reloaded\app\src\features\render-video\utils\render-execution.js", "JavaScript", 0, 68, 0, 0, 0, 0, 0, 0, 0, 0, 38, 9, 115
"d:\github\cyclemetry-reloaded\app\src\features\render-video\utils\render-video.js", "JavaScript", 0, 100, 0, 0, 0, 0, 0, 0, 0, 0, 13, 14, 127
"d:\github\cyclemetry-reloaded\app\src\features\render-video\utils\renderConfig.js", "JavaScript", 0, 114, 0, 0, 0, 0, 0, 0, 0, 0, 62, 23, 199
"d:\github\cyclemetry-reloaded\app\src\features\scene-settings\components\GlobalSettingsSection.jsx", "JavaScript JSX", 0, 0, 0, 157, 0, 0, 0, 0, 0, 0, 13, 7, 177
"d:\github\cyclemetry-reloaded\app\src\features\scene-settings\components\OverlaySettingsSection.jsx", "JavaScript JSX", 0, 0, 0, 150, 0, 0, 0, 0, 0, 0, 25, 9, 184
"d:\github\cyclemetry-reloaded\app\src\features\scene-settings\components\SidebarSettingsTab.jsx", "JavaScript JSX", 0, 0, 0, 61, 0, 0, 0, 0, 0, 0, 13, 6, 80
"d:\github\cyclemetry-reloaded\app\src\features\scene-settings\components\VideoSyncSection.jsx", "JavaScript JSX", 0, 0, 0, 121, 0, 0, 0, 0, 0, 0, 31, 5, 157
"d:\github\cyclemetry-reloaded\app\src\features\scene-settings\data\sceneSettingsConstants.js", "JavaScript", 0, 30, 0, 0, 0, 0, 0, 0, 0, 0, 3, 3, 36
"d:\github\cyclemetry-reloaded\app\src\features\scene-settings\hooks\useAvailableFonts.js", "JavaScript", 0, 35, 0, 0, 0, 0, 0, 0, 0, 0, 3, 9, 47
"d:\github\cyclemetry-reloaded\app\src\features\scene-settings\hooks\useSceneSettingsState.js", "JavaScript", 0, 195, 0, 0, 0, 0, 0, 0, 0, 0, 16, 23, 234
"d:\github\cyclemetry-reloaded\app\src\features\scene-settings\index.js", "JavaScript", 0, 5, 0, 0, 0, 0, 0, 0, 0, 0, 5, 2, 12
"d:\github\cyclemetry-reloaded\app\src\features\scene-settings\utils\sceneSettingsUtils.js", "JavaScript", 0, 28, 0, 0, 0, 0, 0, 0, 0, 0, 9, 7, 44
"d:\github\cyclemetry-reloaded\app\src\features\template-manager\components\NewTemplateConfirmDialog.jsx", "JavaScript JSX", 0, 0, 0, 38, 0, 0, 0, 0, 0, 0, 12, 5, 55
"d:\github\cyclemetry-reloaded\app\src\features\template-manager\hooks\useCommunityTemplate.js", "JavaScript", 0, 31, 0, 0, 0, 0, 0, 0, 0, 0, 19, 11, 61
"d:\github\cyclemetry-reloaded\app\src\features\template-manager\hooks\useTemplateFetching.js", "JavaScript", 0, 14, 0, 0, 0, 0, 0, 0, 0, 0, 17, 3, 34
"d:\github\cyclemetry-reloaded\app\src\features\template-manager\hooks\useTemplateManagement.js", "JavaScript", 0, 246, 0, 0, 0, 0, 0, 0, 0, 0, 22, 35, 303
"d:\github\cyclemetry-reloaded\app\src\features\template-manager\hooks\useTemplateSaveStatus.js", "JavaScript", 0, 31, 0, 0, 0, 0, 0, 0, 0, 0, 19, 8, 58
"d:\github\cyclemetry-reloaded\app\src\features\template-manager\index.js", "JavaScript", 0, 4, 0, 0, 0, 0, 0, 0, 0, 0, 4, 2, 10
"d:\github\cyclemetry-reloaded\app\src\features\template-manager\utils\templateFileUtils.js", "JavaScript", 0, 7, 0, 0, 0, 0, 0, 0, 0, 0, 16, 5, 28
"d:\github\cyclemetry-reloaded\app\src\features\template-manager\utils\templateSnapshot.js", "JavaScript", 0, 64, 0, 0, 0, 0, 0, 0, 0, 0, 54, 15, 133
"d:\github\cyclemetry-reloaded\app\src\features\video-preview\data\videoPreviewConstants.js", "JavaScript", 0, 8, 0, 0, 0, 0, 0, 0, 0, 0, 15, 9, 32
"d:\github\cyclemetry-reloaded\app\src\features\video-preview\hooks\useVideoImport.js", "JavaScript", 0, 98, 0, 0, 0, 0, 0, 0, 0, 0, 3, 15, 116
"d:\github\cyclemetry-reloaded\app\src\features\video-preview\hooks\useVideoPlaybackClock.js", "JavaScript", 0, 137, 0, 0, 0, 0, 0, 0, 0, 0, 45, 36, 218
"d:\github\cyclemetry-reloaded\app\src\features\video-preview\hooks\useVideoPreview.js", "JavaScript", 0, 106, 0, 0, 0, 0, 0, 0, 0, 0, 17, 22, 145
"d:\github\cyclemetry-reloaded\app\src\features\video-preview\hooks\useVideoPreviewWarnings.js", "JavaScript", 0, 90, 0, 0, 0, 0, 0, 0, 0, 0, 12, 23, 125
"d:\github\cyclemetry-reloaded\app\src\features\video-preview\index.js", "JavaScript", 0, 3, 0, 0, 0, 0, 0, 0, 0, 0, 4, 2, 9
"d:\github\cyclemetry-reloaded\app\src\features\video-preview\utils\videoPreviewPlayback.js", "JavaScript", 0, 58, 0, 0, 0, 0, 0, 0, 0, 0, 44, 18, 120
"d:\github\cyclemetry-reloaded\app\src\features\video-preview\utils\videoPreviewScrubScheduler.js", "JavaScript", 0, 39, 0, 0, 0, 0, 0, 0, 0, 0, 13, 11, 63
"d:\github\cyclemetry-reloaded\app\src\features\video-preview\utils\videoPreviewSource.js", "JavaScript", 0, 42, 0, 0, 0, 0, 0, 0, 0, 0, 23, 12, 77
"d:\github\cyclemetry-reloaded\app\src\features\widget-drawer\components\DisplayTypePopover.jsx", "JavaScript JSX", 0, 0, 0, 28, 0, 0, 0, 0, 0, 0, 11, 3, 42
"d:\github\cyclemetry-reloaded\app\src\features\widget-drawer\components\WidgetButtonGrid.jsx", "JavaScript JSX", 0, 0, 0, 37, 0, 0, 0, 0, 0, 0, 10, 7, 54
"d:\github\cyclemetry-reloaded\app\src\features\widget-drawer\components\WidgetDrawer.jsx", "JavaScript JSX", 0, 0, 0, 50, 0, 0, 0, 0, 0, 0, 7, 8, 65
"d:\github\cyclemetry-reloaded\app\src\features\widget-drawer\index.js", "JavaScript", 0, 1, 0, 0, 0, 0, 0, 0, 0, 0, 3, 2, 6
"d:\github\cyclemetry-reloaded\app\src\features\widget-editor\components\BackdropWidgetEditor.jsx", "JavaScript JSX", 0, 0, 0, 210, 0, 0, 0, 0, 0, 0, 0, 14, 224
"d:\github\cyclemetry-reloaded\app\src\features\widget-editor\components\ElevationWidgetEditor.jsx", "JavaScript JSX", 0, 0, 0, 305, 0, 0, 0, 0, 0, 0, 13, 9, 327
"d:\github\cyclemetry-reloaded\app\src\features\widget-editor\components\GradientWidgetEditor.jsx", "JavaScript JSX", 0, 0, 0, 80, 0, 0, 0, 0, 0, 0, 11, 6, 97
"d:\github\cyclemetry-reloaded\app\src\features\widget-editor\components\RouteMapWidgetEditor.jsx", "JavaScript JSX", 0, 0, 0, 181, 0, 0, 0, 0, 0, 0, 12, 7, 200
"d:\github\cyclemetry-reloaded\app\src\features\widget-editor\components\SidebarWidgetsTab.jsx", "JavaScript JSX", 0, 0, 0, 115, 0, 0, 0, 0, 0, 0, 26, 9, 150
"d:\github\cyclemetry-reloaded\app\src\features\widget-editor\components\TextWidgetEditor.jsx", "JavaScript JSX", 0, 0, 0, 8, 0, 0, 0, 0, 0, 0, 11, 3, 22
"d:\github\cyclemetry-reloaded\app\src\features\widget-editor\components\TimeWidgetEditor.jsx", "JavaScript JSX", 0, 0, 0, 9, 0, 0, 0, 0, 0, 0, 12, 3, 24
"d:\github\cyclemetry-reloaded\app\src\features\widget-editor\components\metricWidget\ArcDisplaySection.jsx", "JavaScript JSX", 0, 0, 0, 215, 0, 0, 0, 0, 0, 0, 6, 9, 230
"d:\github\cyclemetry-reloaded\app\src\features\widget-editor\components\metricWidget\HeadingTapeDisplaySection.jsx", "JavaScript JSX", 0, 0, 0, 197, 0, 0, 0, 0, 0, 0, 7, 9, 213
"d:\github\cyclemetry-reloaded\app\src\features\widget-editor\components\metricWidget\LinearDisplaySection.jsx", "JavaScript JSX", 0, 0, 0, 200, 0, 0, 0, 0, 0, 0, 8, 11, 219
"d:\github\cyclemetry-reloaded\app\src\features\widget-editor\components\metricWidget\MetricWidgetEditor.jsx", "JavaScript JSX", 0, 0, 0, 42, 0, 0, 0, 0, 0, 0, 21, 8, 71
"d:\github\cyclemetry-reloaded\app\src\features\widget-editor\components\metricWidget\TextDisplaySection.jsx", "JavaScript JSX", 0, 0, 0, 80, 0, 0, 0, 0, 0, 0, 8, 7, 95
"d:\github\cyclemetry-reloaded\app\src\features\widget-editor\components\widgetEditorSections.jsx", "JavaScript JSX", 0, 0, 0, 198, 0, 0, 0, 0, 0, 0, 76, 16, 290
"d:\github\cyclemetry-reloaded\app\src\features\widget-editor\components\widgetFormControls.jsx", "JavaScript JSX", 0, 0, 0, 127, 0, 0, 0, 0, 0, 0, 79, 14, 220
"d:\github\cyclemetry-reloaded\app\src\features\widget-editor\hooks\useDisplayVariantUpdater.js", "JavaScript", 0, 19, 0, 0, 0, 0, 0, 0, 0, 0, 11, 6, 36
"d:\github\cyclemetry-reloaded\app\src\features\widget-editor\hooks\useWidgetManager.js", "JavaScript", 0, 102, 0, 0, 0, 0, 0, 0, 0, 0, 27, 18, 147
"d:\github\cyclemetry-reloaded\app\src\features\widget-editor\index.js", "JavaScript", 0, 1, 0, 0, 0, 0, 0, 0, 0, 0, 4, 2, 7
"d:\github\cyclemetry-reloaded\app\src\features\widget-editor\utils\widgetUtils.js", "JavaScript", 0, 154, 0, 0, 0, 0, 0, 0, 0, 0, 62, 22, 238
"d:\github\cyclemetry-reloaded\app\src\features\widget-preview\components\ArcGaugeRenderer.jsx", "JavaScript JSX", 0, 0, 0, 175, 0, 0, 0, 0, 0, 0, 11, 6, 192
"d:\github\cyclemetry-reloaded\app\src\features\widget-preview\components\BackdropRenderer.jsx", "JavaScript JSX", 0, 0, 0, 71, 0, 0, 0, 0, 0, 0, 8, 7, 86
"d:\github\cyclemetry-reloaded\app\src\features\widget-preview\components\ElevationRenderer.jsx", "JavaScript JSX", 0, 0, 0, 100, 0, 0, 0, 0, 0, 0, 19, 7, 126
"d:\github\cyclemetry-reloaded\app\src\features\widget-preview\components\HeadingRenderer.jsx", "JavaScript JSX", 0, 0, 0, 116, 0, 0, 0, 0, 0, 0, 17, 20, 153
"d:\github\cyclemetry-reloaded\app\src\features\widget-preview\components\LinearGaugeRenderer.jsx", "JavaScript JSX", 0, 0, 0, 293, 0, 0, 0, 0, 0, 0, 16, 16, 325
"d:\github\cyclemetry-reloaded\app\src\features\widget-preview\components\MetricRenderer.jsx", "JavaScript JSX", 0, 0, 0, 168, 0, 0, 0, 0, 0, 0, 21, 11, 200
"d:\github\cyclemetry-reloaded\app\src\features\widget-preview\components\RouteRenderer.jsx", "JavaScript JSX", 0, 0, 0, 56, 0, 0, 0, 0, 0, 0, 16, 6, 78
"d:\github\cyclemetry-reloaded\app\src\features\widget-preview\components\TextRenderer.jsx", "JavaScript JSX", 0, 0, 0, 37, 0, 0, 0, 0, 0, 0, 13, 4, 54
"d:\github\cyclemetry-reloaded\app\src\features\widget-preview\components\WidgetPreview.jsx", "JavaScript JSX", 0, 0, 0, 134, 0, 0, 0, 0, 0, 0, 45, 11, 190
"d:\github\cyclemetry-reloaded\app\src\features\widget-preview\components\previewSvgComponents.jsx", "JavaScript JSX", 0, 0, 0, 181, 0, 0, 0, 0, 0, 0, 95, 20, 296
"d:\github\cyclemetry-reloaded\app\src\features\widget-preview\hooks\useArcGaugePreviewPresentation.js", "JavaScript", 0, 77, 0, 0, 0, 0, 0, 0, 0, 0, 9, 9, 95
"d:\github\cyclemetry-reloaded\app\src\features\widget-preview\hooks\useBackdropPreviewPresentation.js", "JavaScript", 0, 53, 0, 0, 0, 0, 0, 0, 0, 0, 7, 9, 69
"d:\github\cyclemetry-reloaded\app\src\features\widget-preview\hooks\useElevationPreviewGeometry.js", "JavaScript", 0, 110, 0, 0, 0, 0, 0, 0, 0, 0, 26, 20, 156
"d:\github\cyclemetry-reloaded\app\src\features\widget-preview\hooks\useElevationPreviewStyle.js", "JavaScript", 0, 36, 0, 0, 0, 0, 0, 0, 0, 0, 21, 7, 64
"d:\github\cyclemetry-reloaded\app\src\features\widget-preview\hooks\useFontMetricsVersion.js", "JavaScript", 0, 24, 0, 0, 0, 0, 0, 0, 0, 0, 12, 9, 45
"d:\github\cyclemetry-reloaded\app\src\features\widget-preview\hooks\useHeadingPreviewModel.js", "JavaScript", 0, 48, 0, 0, 0, 0, 0, 0, 0, 0, 27, 7, 82
"d:\github\cyclemetry-reloaded\app\src\features\widget-preview\hooks\useMetricPreviewPresentation.js", "JavaScript", 0, 105, 0, 0, 0, 0, 0, 0, 0, 0, 28, 12, 145
"d:\github\cyclemetry-reloaded\app\src\features\widget-preview\hooks\useRoutePreviewGeometry.js", "JavaScript", 0, 64, 0, 0, 0, 0, 0, 0, 0, 0, 27, 13, 104
"d:\github\cyclemetry-reloaded\app\src\features\widget-preview\hooks\useRoutePreviewStyle.js", "JavaScript", 0, 29, 0, 0, 0, 0, 0, 0, 0, 0, 19, 5, 53
"d:\github\cyclemetry-reloaded\app\src\features\widget-preview\index.js", "JavaScript", 0, 8, 0, 0, 0, 0, 0, 0, 0, 0, 6, 4, 18
"d:\github\cyclemetry-reloaded\app\src\features\widget-preview\utils\arcGaugeInnerLayout.js", "JavaScript", 0, 38, 0, 0, 0, 0, 0, 0, 0, 0, 8, 4, 50
"d:\github\cyclemetry-reloaded\app\src\features\widget-preview\utils\arcGaugeLayout.js", "JavaScript", 0, 77, 0, 0, 0, 0, 0, 0, 0, 0, 22, 14, 113
"d:\github\cyclemetry-reloaded\app\src\features\widget-preview\utils\arcTrackPath.js", "JavaScript", 0, 170, 0, 0, 0, 0, 0, 0, 0, 0, 23, 25, 218
"d:\github\cyclemetry-reloaded\app\src\features\widget-preview\utils\formatUtils.js", "JavaScript", 0, 391, 0, 0, 0, 0, 0, 0, 0, 0, 85, 68, 544
"d:\github\cyclemetry-reloaded\app\src\features\widget-preview\utils\headingGeometry.js", "JavaScript", 0, 165, 0, 0, 0, 0, 0, 0, 0, 0, 62, 28, 255
"d:\github\cyclemetry-reloaded\app\src\features\widget-preview\utils\linearGaugeGeometry.js", "JavaScript", 0, 39, 0, 0, 0, 0, 0, 0, 0, 0, 60, 6, 105
"d:\github\cyclemetry-reloaded\app\src\features\widget-preview\utils\metricWidgetPreviewUtils.js", "JavaScript", 0, 151, 0, 0, 0, 0, 0, 0, 0, 0, 50, 22, 223
"d:\github\cyclemetry-reloaded\app\src\features\widget-preview\utils\placeholderPlotGeometry.js", "JavaScript", 0, 63, 0, 0, 0, 0, 0, 0, 0, 0, 6, 13, 82
"d:\github\cyclemetry-reloaded\app\src\features\widget-preview\utils\shadowUtils.js", "JavaScript", 0, 46, 0, 0, 0, 0, 0, 0, 0, 0, 34, 15, 95
"d:\github\cyclemetry-reloaded\app\src\features\widget-preview\utils\svgPreviewUtils.js", "JavaScript", 0, 177, 0, 0, 0, 0, 0, 0, 0, 0, 109, 47, 333
"d:\github\cyclemetry-reloaded\app\src\features\widget-preview\utils\textMeasurement.js", "JavaScript", 0, 227, 0, 0, 0, 0, 0, 0, 0, 0, 82, 35, 344
"d:\github\cyclemetry-reloaded\app\src\features\widget-preview\utils\textWidgetPreviewUtils.js", "JavaScript", 0, 42, 0, 0, 0, 0, 0, 0, 0, 0, 10, 6, 58
"d:\github\cyclemetry-reloaded\app\src\hooks\useAppStoreSelectors.js", "JavaScript", 0, 86, 0, 0, 0, 0, 0, 0, 0, 0, 0, 7, 93
"d:\github\cyclemetry-reloaded\app\src\hooks\useFpsMode.js", "JavaScript", 0, 27, 0, 0, 0, 0, 0, 0, 0, 0, 0, 5, 32
"d:\github\cyclemetry-reloaded\app\src\index.css", "PostCSS", 0, 0, 0, 0, 0, 115, 0, 0, 0, 0, 10, 11, 136
"d:\github\cyclemetry-reloaded\app\src\lib\activity\fit-parser.js", "JavaScript", 0, 80, 0, 0, 0, 0, 0, 0, 0, 0, 16, 10, 106
"d:\github\cyclemetry-reloaded\app\src\lib\activity\gpx-parser.js", "JavaScript", 0, 103, 0, 0, 0, 0, 0, 0, 0, 0, 3, 14, 120
"d:\github\cyclemetry-reloaded\app\src\lib\activity\igc-parser.js", "JavaScript", 0, 119, 0, 0, 0, 0, 0, 0, 0, 0, 96, 29, 244
"d:\github\cyclemetry-reloaded\app\src\lib\activity\import-activity.js", "JavaScript", 0, 72, 0, 0, 0, 0, 0, 0, 0, 0, 23, 16, 111
"d:\github\cyclemetry-reloaded\app\src\lib\activity\raw-sample-utils.js", "JavaScript", 0, 5, 0, 0, 0, 0, 0, 0, 0, 0, 3, 2, 10
"d:\github\cyclemetry-reloaded\app\src\lib\activity\srt-parser.js", "JavaScript", 0, 223, 0, 0, 0, 0, 0, 0, 0, 0, 116, 32, 371
"d:\github\cyclemetry-reloaded\app\src\lib\cached-promise.js", "JavaScript", 0, 22, 0, 0, 0, 0, 0, 0, 0, 0, 8, 5, 35
"d:\github\cyclemetry-reloaded\app\src\lib\color-utils.js", "JavaScript", 0, 37, 0, 0, 0, 0, 0, 0, 0, 0, 22, 11, 70
"d:\github\cyclemetry-reloaded\app\src\lib\compose-refs.js", "JavaScript", 0, 52, 0, 0, 0, 0, 0, 0, 0, 0, 28, 16, 96
"d:\github\cyclemetry-reloaded\app\src\lib\dev-config.js", "JavaScript", 0, 1, 0, 0, 0, 0, 0, 0, 0, 0, 4, 1, 6
"d:\github\cyclemetry-reloaded\app\src\lib\file-dialog.js", "JavaScript", 0, 41, 0, 0, 0, 0, 0, 0, 0, 0, 2, 8, 51
"d:\github\cyclemetry-reloaded\app\src\lib\fonts.js", "JavaScript", 0, 62, 0, 0, 0, 0, 0, 0, 0, 0, 33, 17, 112
"d:\github\cyclemetry-reloaded\app\src\lib\geometryUtils.js", "JavaScript", 0, 103, 0, 0, 0, 0, 0, 0, 0, 0, 58, 31, 192
"d:\github\cyclemetry-reloaded\app\src\lib\interpolation.js", "JavaScript", 0, 49, 0, 0, 0, 0, 0, 0, 0, 0, 29, 14, 92
"d:\github\cyclemetry-reloaded\app\src\lib\preferences-store.js", "JavaScript", 0, 20, 0, 0, 0, 0, 0, 0, 0, 0, 0, 6, 26
"d:\github\cyclemetry-reloaded\app\src\lib\preview-timing.js", "JavaScript", 0, 26, 0, 0, 0, 0, 0, 0, 0, 0, 44, 8, 78
"d:\github\cyclemetry-reloaded\app\src\lib\previewPerf.js", "JavaScript", 0, 55, 0, 0, 0, 0, 0, 0, 0, 0, 7, 17, 79
"d:\github\cyclemetry-reloaded\app\src\lib\template\template-constants.js", "JavaScript", 0, 44, 0, 0, 0, 0, 0, 0, 0, 0, 29, 18, 91
"d:\github\cyclemetry-reloaded\app\src\lib\template\template-normalization.js", "JavaScript", 0, 173, 0, 0, 0, 0, 0, 0, 0, 0, 73, 23, 269
"d:\github\cyclemetry-reloaded\app\src\lib\template\template-state.js", "JavaScript", 0, 129, 0, 0, 0, 0, 0, 0, 0, 0, 22, 12, 163
"d:\github\cyclemetry-reloaded\app\src\lib\theme.js", "JavaScript", 0, 15, 0, 0, 0, 0, 0, 0, 0, 0, 9, 5, 29
"d:\github\cyclemetry-reloaded\app\src\lib\update-rate.js", "JavaScript", 0, 42, 0, 0, 0, 0, 0, 0, 0, 0, 32, 11, 85
"d:\github\cyclemetry-reloaded\app\src\lib\utils.js", "JavaScript", 0, 12, 0, 0, 0, 0, 0, 0, 0, 0, 17, 5, 34
"d:\github\cyclemetry-reloaded\app\src\lib\widget\display-type-behavior.js", "JavaScript", 0, 17, 0, 0, 0, 0, 0, 0, 0, 0, 40, 6, 63
"d:\github\cyclemetry-reloaded\app\src\lib\widget\standard-metrics.js", "JavaScript", 0, 70, 0, 0, 0, 0, 0, 0, 0, 0, 105, 20, 195
"d:\github\cyclemetry-reloaded\app\src\lib\widget\standard-widgets.js", "JavaScript", 0, 60, 0, 0, 0, 0, 0, 0, 0, 0, 64, 32, 156
"d:\github\cyclemetry-reloaded\app\src\lib\widget\widget-config.js", "JavaScript", 0, 260, 0, 0, 0, 0, 0, 0, 0, 0, 98, 62, 420
"d:\github\cyclemetry-reloaded\app\src\lib\widget\widget-icon-data.js", "JavaScript", 0, 92, 0, 0, 0, 0, 0, 0, 0, 0, 0, 4, 96
"d:\github\cyclemetry-reloaded\app\src\lib\widget\widget-icons.jsx", "JavaScript JSX", 0, 0, 0, 129, 0, 0, 0, 0, 0, 0, 3, 22, 154
"d:\github\cyclemetry-reloaded\app\src\lib\widget\widget-presentation.js", "JavaScript", 0, 40, 0, 0, 0, 0, 0, 0, 0, 0, 34, 9, 83
"d:\github\cyclemetry-reloaded\app\src\lib\widget\widget-resolver.js", "JavaScript", 0, 171, 0, 0, 0, 0, 0, 0, 0, 0, 92, 42, 305
"d:\github\cyclemetry-reloaded\app\src\main.jsx", "JavaScript JSX", 0, 0, 0, 9, 0, 0, 0, 0, 0, 0, 3, 3, 15
"d:\github\cyclemetry-reloaded\app\src\store\slices\createEditorSlice.js", "JavaScript", 0, 176, 0, 0, 0, 0, 0, 0, 0, 0, 38, 41, 255
"d:\github\cyclemetry-reloaded\app\src\store\slices\createLayoutSlice.js", "JavaScript", 0, 13, 0, 0, 0, 0, 0, 0, 0, 0, 16, 4, 33
"d:\github\cyclemetry-reloaded\app\src\store\slices\createMediaSlice.js", "JavaScript", 0, 216, 0, 0, 0, 0, 0, 0, 0, 0, 9, 35, 260
"d:\github\cyclemetry-reloaded\app\src\store\slices\createTemplateSlice.js", "JavaScript", 0, 186, 0, 0, 0, 0, 0, 0, 0, 0, 15, 30, 231
"d:\github\cyclemetry-reloaded\app\src\store\slices\createVideoImportSlice.js", "JavaScript", 0, 173, 0, 0, 0, 0, 0, 0, 0, 0, 1, 24, 198
"d:\github\cyclemetry-reloaded\app\src\store\store-utils.js", "JavaScript", 0, 94, 0, 0, 0, 0, 0, 0, 0, 0, 75, 23, 192
"d:\github\cyclemetry-reloaded\app\src\store\useStore.js", "JavaScript", 0, 35, 0, 0, 0, 0, 0, 0, 0, 0, 3, 8, 46
"d:\github\cyclemetry-reloaded\app\src\styles\fonts.css", "PostCSS", 0, 0, 0, 0, 0, 63, 0, 0, 0, 0, 1, 9, 73
"d:\github\cyclemetry-reloaded\app\src\styles\moveable.css", "PostCSS", 0, 0, 0, 0, 0, 24, 0, 0, 0, 0, 3, 5, 32
"d:\github\cyclemetry-reloaded\app\src\styles\theme.css", "PostCSS", 0, 0, 0, 0, 0, 57, 0, 0, 0, 0, 1, 1, 59
"d:\github\cyclemetry-reloaded\app\src\styles\utilities.css", "PostCSS", 0, 0, 0, 0, 0, 65, 0, 0, 0, 0, 5, 14, 84
"d:\github\cyclemetry-reloaded\app\src\test-setup.js", "JavaScript", 0, 15, 0, 0, 0, 0, 0, 0, 0, 0, 3, 3, 21
"d:\github\cyclemetry-reloaded\app\src\tests\components\ui\BlurInput.test.jsx", "JavaScript JSX", 0, 0, 0, 23, 0, 0, 0, 0, 0, 0, 7, 11, 41
"d:\github\cyclemetry-reloaded\app\src\tests\features\app-shell\AppHeader-integration.test.jsx", "JavaScript JSX", 0, 0, 0, 77, 0, 0, 0, 0, 0, 0, 6, 13, 96
"d:\github\cyclemetry-reloaded\app\src\tests\features\app-shell\TitleBar-boundary.test.jsx", "JavaScript JSX", 0, 0, 0, 22, 0, 0, 0, 0, 0, 0, 0, 5, 27
"d:\github\cyclemetry-reloaded\app\src\tests\features\app-shell\useEditorShellState-boundary.test.jsx", "JavaScript JSX", 0, 0, 0, 18, 0, 0, 0, 0, 0, 0, 0, 5, 23
"d:\github\cyclemetry-reloaded\app\src\tests\features\app-shell\useEditorShellState.test.jsx", "JavaScript JSX", 0, 0, 0, 31, 0, 0, 0, 0, 0, 0, 10, 9, 50
"d:\github\cyclemetry-reloaded\app\src\tests\features\overlay-editor\OverlayCanvas-background.test.jsx", "JavaScript JSX", 0, 0, 0, 86, 0, 0, 0, 0, 0, 0, 5, 19, 110
"d:\github\cyclemetry-reloaded\app\src\tests\features\overlay-editor\OverlayEditor.selection.test.jsx", "JavaScript JSX", 0, 0, 0, 498, 0, 0, 0, 0, 0, 0, 6, 87, 591
"d:\github\cyclemetry-reloaded\app\src\tests\features\overlay-editor\overlayEditorUtils.test.js", "JavaScript", 0, 75, 0, 0, 0, 0, 0, 0, 0, 0, 11, 15, 101
"d:\github\cyclemetry-reloaded\app\src\tests\features\overlay-editor\useOverlayEditorState-boundary.test.jsx", "JavaScript JSX", 0, 0, 0, 65, 0, 0, 0, 0, 0, 0, 8, 17, 90
"d:\github\cyclemetry-reloaded\app\src\tests\features\overlay-editor\widgetResizeScaling.test.js", "JavaScript", 0, 66, 0, 0, 0, 0, 0, 0, 0, 0, 0, 6, 72
"d:\github\cyclemetry-reloaded\app\src\tests\features\player\OverlayPlayer.test.jsx", "JavaScript JSX", 0, 0, 0, 80, 0, 0, 0, 0, 0, 0, 0, 17, 97
"d:\github\cyclemetry-reloaded\app\src\tests\features\player\TimelineLane.test.jsx", "JavaScript JSX", 0, 0, 0, 82, 0, 0, 0, 0, 0, 0, 0, 13, 95
"d:\github\cyclemetry-reloaded\app\src\tests\features\player\playerTiming.test.js", "JavaScript", 0, 57, 0, 0, 0, 0, 0, 0, 0, 0, 0, 8, 65
"d:\github\cyclemetry-reloaded\app\src\tests\features\player\timelineGeometry.test.js", "JavaScript", 0, 51, 0, 0, 0, 0, 0, 0, 0, 0, 0, 9, 60
"d:\github\cyclemetry-reloaded\app\src\tests\features\player\timelineViewport.test.js", "JavaScript", 0, 63, 0, 0, 0, 0, 0, 0, 0, 0, 0, 14, 77
"d:\github\cyclemetry-reloaded\app\src\tests\features\player\useExportRangeTimeline.test.jsx", "JavaScript JSX", 0, 0, 0, 53, 0, 0, 0, 0, 0, 0, 0, 19, 72
"d:\github\cyclemetry-reloaded\app\src\tests\features\player\useOverlayPlayer.test.jsx", "JavaScript JSX", 0, 0, 0, 78, 0, 0, 0, 0, 0, 0, 0, 17, 95
"d:\github\cyclemetry-reloaded\app\src\tests\features\player\usePlaybackEngine.test.jsx", "JavaScript JSX", 0, 0, 0, 152, 0, 0, 0, 0, 0, 0, 0, 33, 185
"d:\github\cyclemetry-reloaded\app\src\tests\features\player\useTimelineClips.test.jsx", "JavaScript JSX", 0, 0, 0, 65, 0, 0, 0, 0, 0, 0, 0, 12, 77
"d:\github\cyclemetry-reloaded\app\src\tests\features\player\useTimelineGestures.test.jsx", "JavaScript JSX", 0, 0, 0, 92, 0, 0, 0, 0, 0, 0, 0, 19, 111
"d:\github\cyclemetry-reloaded\app\src\tests\features\player\useTimelineViewport.test.jsx", "JavaScript JSX", 0, 0, 0, 161, 0, 0, 0, 0, 0, 0, 0, 51, 212
"d:\github\cyclemetry-reloaded\app\src\tests\features\render-video\RenderVideoDialog.test.jsx", "JavaScript JSX", 0, 0, 0, 74, 0, 0, 0, 0, 0, 0, 0, 11, 85
"d:\github\cyclemetry-reloaded\app\src\tests\features\render-video\bitrateDefaults.test.js", "JavaScript", 0, 55, 0, 0, 0, 0, 0, 0, 0, 0, 0, 15, 70
"d:\github\cyclemetry-reloaded\app\src\tests\features\render-video\renderConfig.test.js", "JavaScript", 0, 112, 0, 0, 0, 0, 0, 0, 0, 0, 6, 10, 128
"d:\github\cyclemetry-reloaded\app\src\tests\features\render-video\renderVideo.test.js", "JavaScript", 0, 108, 0, 0, 0, 0, 0, 0, 0, 0, 7, 10, 125
"d:\github\cyclemetry-reloaded\app\src\tests\features\render-video\useRenderVideoDialogState.test.jsx", "JavaScript JSX", 0, 0, 0, 152, 0, 0, 0, 0, 0, 0, 7, 23, 182
"d:\github\cyclemetry-reloaded\app\src\tests\features\render-video\useRenderWorkflow.test.jsx", "JavaScript JSX", 0, 0, 0, 135, 0, 0, 0, 0, 0, 0, 0, 17, 152
"d:\github\cyclemetry-reloaded\app\src\tests\features\scene-settings\useSceneSettingsState.test.jsx", "JavaScript JSX", 0, 0, 0, 172, 0, 0, 0, 0, 0, 0, 7, 50, 229
"d:\github\cyclemetry-reloaded\app\src\tests\features\standard-metrics\standardMetricCatalog.test.js", "JavaScript", 0, 296, 0, 0, 0, 0, 0, 0, 0, 0, 0, 34, 330
"d:\github\cyclemetry-reloaded\app\src\tests\features\standard-widgets\standardWidgetsCatalog.test.js", "JavaScript", 0, 72, 0, 0, 0, 0, 0, 0, 0, 0, 0, 4, 76
"d:\github\cyclemetry-reloaded\app\src\tests\features\template-manager\templateSnapshot.test.js", "JavaScript", 0, 197, 0, 0, 0, 0, 0, 0, 0, 0, 0, 27, 224
"d:\github\cyclemetry-reloaded\app\src\tests\features\video-preview\resolveVideoPreviewSource.test.js", "JavaScript", 0, 77, 0, 0, 0, 0, 0, 0, 0, 0, 6, 17, 100
"d:\github\cyclemetry-reloaded\app\src\tests\features\video-preview\useVideoPlaybackClock.test.jsx", "JavaScript JSX", 0, 0, 0, 65, 0, 0, 0, 0, 0, 0, 8, 15, 88
"d:\github\cyclemetry-reloaded\app\src\tests\features\video-preview\useVideoPreview.test.jsx", "JavaScript JSX", 0, 0, 0, 68, 0, 0, 0, 0, 0, 0, 7, 13, 88
"d:\github\cyclemetry-reloaded\app\src\tests\features\video-preview\useVideoPreviewWarnings.test.jsx", "JavaScript JSX", 0, 0, 0, 81, 0, 0, 0, 0, 0, 0, 7, 19, 107
"d:\github\cyclemetry-reloaded\app\src\tests\features\video-preview\videoPreviewPlayback.test.js", "JavaScript", 0, 37, 0, 0, 0, 0, 0, 0, 0, 0, 0, 12, 49
"d:\github\cyclemetry-reloaded\app\src\tests\features\widget-drawer\components\WidgetButtonGrid.test.jsx", "JavaScript JSX", 0, 0, 0, 72, 0, 0, 0, 0, 0, 0, 4, 17, 93
"d:\github\cyclemetry-reloaded\app\src\tests\features\widget-drawer\components\WidgetDrawer.test.jsx", "JavaScript JSX", 0, 0, 0, 94, 0, 0, 0, 0, 0, 0, 3, 33, 130
"d:\github\cyclemetry-reloaded\app\src\tests\features\widget-editor\BackdropWidgetEditor.test.jsx", "JavaScript JSX", 0, 0, 0, 217, 0, 0, 0, 0, 0, 0, 0, 28, 245
"d:\github\cyclemetry-reloaded\app\src\tests\features\widget-editor\HeadingTapeDisplaySection.test.jsx", "JavaScript JSX", 0, 0, 0, 148, 0, 0, 0, 0, 0, 0, 0, 29, 177
"d:\github\cyclemetry-reloaded\app\src\tests\features\widget-editor\MetricWidgetEditor.test.jsx", "JavaScript JSX", 0, 0, 0, 296, 0, 0, 0, 0, 0, 0, 0, 33, 329
"d:\github\cyclemetry-reloaded\app\src\tests\features\widget-editor\PlotMarkerVariants.test.jsx", "JavaScript JSX", 0, 0, 0, 63, 0, 0, 0, 0, 0, 0, 0, 11, 74
"d:\github\cyclemetry-reloaded\app\src\tests\features\widget-editor\SidebarWidgetsTab-dispatch.test.jsx", "JavaScript JSX", 0, 0, 0, 93, 0, 0, 0, 0, 0, 0, 9, 16, 118
"d:\github\cyclemetry-reloaded\app\src\tests\features\widget-editor\widgetDefaults.test.js", "JavaScript", 0, 7, 0, 0, 0, 0, 0, 0, 0, 0, 8, 3, 18
"d:\github\cyclemetry-reloaded\app\src\tests\features\widget-editor\widgetEditorSections-api.test.jsx", "JavaScript JSX", 0, 0, 0, 57, 0, 0, 0, 0, 0, 0, 6, 17, 80
"d:\github\cyclemetry-reloaded\app\src\tests\features\widget-preview\ArcGaugeRenderer.test.jsx", "JavaScript JSX", 0, 0, 0, 163, 0, 0, 0, 0, 0, 0, 0, 30, 193
"d:\github\cyclemetry-reloaded\app\src\tests\features\widget-preview\BackdropRenderer.test.jsx", "JavaScript JSX", 0, 0, 0, 136, 0, 0, 0, 0, 0, 0, 0, 12, 148
"d:\github\cyclemetry-reloaded\app\src\tests\features\widget-preview\ElevationRenderer.test.jsx", "JavaScript JSX", 0, 0, 0, 91, 0, 0, 0, 0, 0, 0, 1, 11, 103
"d:\github\cyclemetry-reloaded\app\src\tests\features\widget-preview\HeadingRenderer.test.jsx", "JavaScript JSX", 0, 0, 0, 190, 0, 0, 0, 0, 0, 0, 1, 30, 221
"d:\github\cyclemetry-reloaded\app\src\tests\features\widget-preview\LinearGaugeRenderer.test.jsx", "JavaScript JSX", 0, 0, 0, 113, 0, 0, 0, 0, 0, 0, 0, 20, 133
"d:\github\cyclemetry-reloaded\app\src\tests\features\widget-preview\TextRenderer.test.jsx", "JavaScript JSX", 0, 0, 0, 36, 0, 0, 0, 0, 0, 0, 0, 6, 42
"d:\github\cyclemetry-reloaded\app\src\tests\features\widget-preview\WidgetPreview-dispatch.test.jsx", "JavaScript JSX", 0, 0, 0, 134, 0, 0, 0, 0, 0, 0, 10, 16, 160
"d:\github\cyclemetry-reloaded\app\src\tests\features\widget-preview\arcGaugeInnerLayout.test.js", "JavaScript", 0, 35, 0, 0, 0, 0, 0, 0, 0, 0, 0, 5, 40
"d:\github\cyclemetry-reloaded\app\src\tests\features\widget-preview\arcGaugeLayout.test.js", "JavaScript", 0, 40, 0, 0, 0, 0, 0, 0, 0, 0, 0, 8, 48
"d:\github\cyclemetry-reloaded\app\src\tests\features\widget-preview\arcTrackPath.test.js", "JavaScript", 0, 74, 0, 0, 0, 0, 0, 0, 0, 0, 0, 11, 85
"d:\github\cyclemetry-reloaded\app\src\tests\features\widget-preview\formatUtils.test.js", "JavaScript", 0, 13, 0, 0, 0, 0, 0, 0, 0, 0, 0, 5, 18
"d:\github\cyclemetry-reloaded\app\src\tests\features\widget-preview\headingGeometry.test.js", "JavaScript", 0, 227, 0, 0, 0, 0, 0, 0, 0, 0, 1, 32, 260
"d:\github\cyclemetry-reloaded\app\src\tests\features\widget-preview\linearGaugeGeometry.test.js", "JavaScript", 0, 75, 0, 0, 0, 0, 0, 0, 0, 0, 0, 7, 82
"d:\github\cyclemetry-reloaded\app\src\tests\features\widget-preview\metricWidgetPreviewModel.test.js", "JavaScript", 0, 310, 0, 0, 0, 0, 0, 0, 0, 0, 0, 32, 342
"d:\github\cyclemetry-reloaded\app\src\tests\features\widget-preview\plotPreviewStyle.test.jsx", "JavaScript JSX", 0, 0, 0, 61, 0, 0, 0, 0, 0, 0, 0, 9, 70
"d:\github\cyclemetry-reloaded\app\src\tests\features\widget-preview\svgPreviewUtils.test.js", "JavaScript", 0, 149, 0, 0, 0, 0, 0, 0, 0, 0, 0, 23, 172
"d:\github\cyclemetry-reloaded\app\src\tests\features\widget-preview\useElevationPreviewGeometry.test.js", "JavaScript", 0, 239, 0, 0, 0, 0, 0, 0, 0, 0, 0, 30, 269
"d:\github\cyclemetry-reloaded\app\src\tests\features\widget-preview\useRoutePreviewGeometry.test.js", "JavaScript", 0, 174, 0, 0, 0, 0, 0, 0, 0, 0, 7, 23, 204
"d:\github\cyclemetry-reloaded\app\src\tests\features\widget-preview\wave1Formatting.test.js", "JavaScript", 0, 397, 0, 0, 0, 0, 0, 0, 0, 0, 1, 45, 443
"d:\github\cyclemetry-reloaded\app\src\tests\lib\activity\igc-parser.test.js", "JavaScript", 0, 63, 0, 0, 0, 0, 0, 0, 0, 0, 1, 14, 78
"d:\github\cyclemetry-reloaded\app\src\tests\lib\activity\srt-parser.test.js", "JavaScript", 0, 132, 0, 0, 0, 0, 0, 0, 0, 0, 0, 12, 144
"d:\github\cyclemetry-reloaded\app\src\tests\lib\backend.extract-video-telemetry.test.js", "JavaScript", 0, 27, 0, 0, 0, 0, 0, 0, 0, 0, 0, 11, 38
"d:\github\cyclemetry-reloaded\app\src\tests\lib\backend.test.js", "JavaScript", 0, 25, 0, 0, 0, 0, 0, 0, 0, 0, 0, 9, 34
"d:\github\cyclemetry-reloaded\app\src\tests\lib\cached-promise.test.js", "JavaScript", 0, 59, 0, 0, 0, 0, 0, 0, 0, 0, 0, 19, 78
"d:\github\cyclemetry-reloaded\app\src\tests\lib\display-type-behavior.test.js", "JavaScript", 0, 24, 0, 0, 0, 0, 0, 0, 0, 0, 0, 5, 29
"d:\github\cyclemetry-reloaded\app\src\tests\lib\import-activity-boundary.test.js", "JavaScript", 0, 57, 0, 0, 0, 0, 0, 0, 0, 0, 0, 11, 68
"d:\github\cyclemetry-reloaded\app\src\tests\lib\previewPerf.test.js", "JavaScript", 0, 42, 0, 0, 0, 0, 0, 0, 0, 0, 16, 11, 69
"d:\github\cyclemetry-reloaded\app\src\tests\lib\previewTiming.test.js", "JavaScript", 0, 26, 0, 0, 0, 0, 0, 0, 0, 0, 0, 6, 32
"d:\github\cyclemetry-reloaded\app\src\tests\lib\tauri-runtime.test.js", "JavaScript", 0, 21, 0, 0, 0, 0, 0, 0, 0, 0, 0, 6, 27
"d:\github\cyclemetry-reloaded\app\src\tests\lib\templateState.test.js", "JavaScript", 0, 424, 0, 0, 0, 0, 0, 0, 0, 0, 28, 76, 528
"d:\github\cyclemetry-reloaded\app\src\tests\lib\widget-config.test.js", "JavaScript", 0, 237, 0, 0, 0, 0, 0, 0, 0, 0, 16, 51, 304
"d:\github\cyclemetry-reloaded\app\src\tests\lib\widget-resolver.test.js", "JavaScript", 0, 385, 0, 0, 0, 0, 0, 0, 0, 0, 7, 66, 458
"d:\github\cyclemetry-reloaded\app\src\tests\store\configSynchronization.test.js", "JavaScript", 0, 91, 0, 0, 0, 0, 0, 0, 0, 0, 16, 30, 137
"d:\github\cyclemetry-reloaded\app\src\tests\store\editor-slice-transient.test.js", "JavaScript", 0, 23, 0, 0, 0, 0, 0, 0, 0, 0, 0, 5, 28
"d:\github\cyclemetry-reloaded\app\src\tests\store\slices\createEditorSlice.selection.test.js", "JavaScript", 0, 64, 0, 0, 0, 0, 0, 0, 0, 0, 8, 22, 94
"d:\github\cyclemetry-reloaded\app\src\tests\store\slices\createLayoutSlice.test.js", "JavaScript", 0, 40, 0, 0, 0, 0, 0, 0, 0, 0, 3, 18, 61
"d:\github\cyclemetry-reloaded\app\src\tests\store\slices\createMediaSlice.mp4-activity.test.js", "JavaScript", 0, 241, 0, 0, 0, 0, 0, 0, 0, 0, 0, 73, 314
"d:\github\cyclemetry-reloaded\app\src\tests\store\slices\createMediaSlice.mp4-lifecycle.test.js", "JavaScript", 0, 98, 0, 0, 0, 0, 0, 0, 0, 0, 0, 31, 129
"d:\github\cyclemetry-reloaded\app\src\tests\store\slices\createTemplateSlice.test.js", "JavaScript", 0, 158, 0, 0, 0, 0, 0, 0, 0, 0, 14, 44, 216
"d:\github\cyclemetry-reloaded\app\src\tests\store\store-utils.test.js", "JavaScript", 0, 116, 0, 0, 0, 0, 0, 0, 0, 0, 6, 25, 147
"d:\github\cyclemetry-reloaded\app\src\tests\store\useStore.node.test.js", "JavaScript", 0, 12, 0, 0, 0, 0, 0, 0, 0, 0, 10, 6, 28
"d:\github\cyclemetry-reloaded\app\src\tests\store\useStore.test.js", "JavaScript", 0, 31, 0, 0, 0, 0, 0, 0, 0, 0, 3, 16, 50
"d:\github\cyclemetry-reloaded\app\src\tests\store\useStore.window-leak.test.js", "JavaScript", 0, 13, 0, 0, 0, 0, 0, 0, 0, 0, 4, 4, 21
"d:\github\cyclemetry-reloaded\app\vite.config.js", "JavaScript", 0, 91, 0, 0, 0, 0, 0, 0, 0, 0, 8, 12, 111
"d:\github\cyclemetry-reloaded\app\vitest.config.js", "JavaScript", 0, 19, 0, 0, 0, 0, 0, 0, 0, 0, 3, 4, 26
"d:\github\cyclemetry-reloaded\assets\widget-icons\display-type-arc.svg", "XML", 0, 0, 4, 0, 0, 0, 0, 0, 0, 0, 0, 1, 5
"d:\github\cyclemetry-reloaded\assets\widget-icons\display-type-bars.svg", "XML", 0, 0, 5, 0, 0, 0, 0, 0, 0, 0, 0, 1, 6
"d:\github\cyclemetry-reloaded\assets\widget-icons\display-type-circle.svg", "XML", 0, 0, 3, 0, 0, 0, 0, 0, 0, 0, 0, 1, 4
"d:\github\cyclemetry-reloaded\assets\widget-icons\display-type-corner.svg", "XML", 0, 0, 4, 0, 0, 0, 0, 0, 0, 0, 0, 1, 5
"d:\github\cyclemetry-reloaded\assets\widget-icons\display-type-heading-tape.svg", "XML", 0, 0, 6, 0, 0, 0, 0, 0, 0, 0, 0, 1, 7
"d:\github\cyclemetry-reloaded\assets\widget-icons\display-type-linear.svg", "XML", 0, 0, 4, 0, 0, 0, 0, 0, 0, 0, 0, 1, 5
"d:\github\cyclemetry-reloaded\assets\widget-icons\display-type-rectangle.svg", "XML", 0, 0, 3, 0, 0, 0, 0, 0, 0, 0, 0, 1, 4
"d:\github\cyclemetry-reloaded\assets\widget-icons\display-type-text.svg", "XML", 0, 0, 5, 0, 0, 0, 0, 0, 0, 0, 0, 1, 6
"d:\github\cyclemetry-reloaded\assets\widget-icons\widget-air-pressure.svg", "XML", 0, 0, 1, 0, 0, 0, 0, 0, 0, 0, 0, 1, 2
"d:\github\cyclemetry-reloaded\assets\widget-icons\widget-altitude.svg", "XML", 0, 0, 4, 0, 0, 0, 0, 0, 0, 0, 0, 1, 5
"d:\github\cyclemetry-reloaded\assets\widget-icons\widget-aperture.svg", "XML", 0, 0, 9, 0, 0, 0, 0, 0, 0, 0, 0, 1, 10
"d:\github\cyclemetry-reloaded\assets\widget-icons\widget-cadence.svg", "XML", 0, 0, 54, 0, 0, 0, 0, 0, 0, 0, 0, 1, 55
"d:\github\cyclemetry-reloaded\assets\widget-icons\widget-color-temperature.svg", "XML", 0, 0, 10, 0, 0, 0, 0, 0, 0, 0, 0, 1, 11
"d:\github\cyclemetry-reloaded\assets\widget-icons\widget-core-temperature.svg", "XML", 0, 0, 6, 0, 0, 0, 0, 0, 0, 0, 4, 1, 11
"d:\github\cyclemetry-reloaded\assets\widget-icons\widget-distance.svg", "XML", 0, 0, 7, 0, 0, 0, 0, 0, 0, 0, 0, 1, 8
"d:\github\cyclemetry-reloaded\assets\widget-icons\widget-ev.svg", "XML", 0, 0, 5, 0, 0, 0, 0, 0, 0, 0, 0, 1, 6
"d:\github\cyclemetry-reloaded\assets\widget-icons\widget-focal-length.svg", "XML", 0, 0, 6, 0, 0, 0, 0, 0, 0, 0, 0, 1, 7
"d:\github\cyclemetry-reloaded\assets\widget-icons\widget-g-force.svg", "XML", 0, 0, 9, 0, 0, 0, 0, 0, 0, 0, 0, 1, 10
"d:\github\cyclemetry-reloaded\assets\widget-icons\widget-gear-position.svg", "XML", 0, 0, 11, 0, 0, 0, 0, 0, 0, 0, 0, 1, 12
"d:\github\cyclemetry-reloaded\assets\widget-icons\widget-ground-contact-time.svg", "XML", 0, 0, 7, 0, 0, 0, 0, 0, 0, 0, 0, 1, 8
"d:\github\cyclemetry-reloaded\assets\widget-icons\widget-heading.svg", "XML", 0, 0, 4, 0, 0, 0, 0, 0, 0, 0, 0, 1, 5
"d:\github\cyclemetry-reloaded\assets\widget-icons\widget-heartrate.svg", "XML", 0, 0, 3, 0, 0, 0, 0, 0, 0, 0, 0, 1, 4
"d:\github\cyclemetry-reloaded\assets\widget-icons\widget-iso.svg", "XML", 0, 0, 6, 0, 0, 0, 0, 0, 0, 0, 0, 1, 7
"d:\github\cyclemetry-reloaded\assets\widget-icons\widget-left-right-balance.svg", "XML", 0, 0, 1, 0, 0, 0, 0, 0, 0, 0, 0, 1, 2
"d:\github\cyclemetry-reloaded\assets\widget-icons\widget-pace.svg", "XML", 0, 0, 1, 0, 0, 0, 0, 0, 0, 0, 0, 1, 2
"d:\github\cyclemetry-reloaded\assets\widget-icons\widget-power.svg", "XML", 0, 0, 3, 0, 0, 0, 0, 0, 0, 0, 0, 1, 4
"d:\github\cyclemetry-reloaded\assets\widget-icons\widget-shutter-speed.svg", "XML", 0, 0, 5, 0, 0, 0, 0, 0, 0, 0, 0, 1, 6
"d:\github\cyclemetry-reloaded\assets\widget-icons\widget-speed.svg", "XML", 0, 0, 4, 0, 0, 0, 0, 0, 0, 0, 0, 1, 5
"d:\github\cyclemetry-reloaded\assets\widget-icons\widget-stride-length.svg", "XML", 0, 0, 1, 0, 0, 0, 0, 0, 0, 0, 0, 1, 2
"d:\github\cyclemetry-reloaded\assets\widget-icons\widget-stroke-rate.svg", "XML", 0, 0, 1, 0, 0, 0, 0, 0, 0, 0, 0, 1, 2
"d:\github\cyclemetry-reloaded\assets\widget-icons\widget-temperature.svg", "XML", 0, 0, 3, 0, 0, 0, 0, 0, 0, 0, 0, 1, 4
"d:\github\cyclemetry-reloaded\assets\widget-icons\widget-time.svg", "XML", 0, 0, 4, 0, 0, 0, 0, 0, 0, 0, 0, 1, 5
"d:\github\cyclemetry-reloaded\assets\widget-icons\widget-torque.svg", "XML", 0, 0, 5, 0, 0, 0, 0, 0, 0, 0, 0, 1, 6
"d:\github\cyclemetry-reloaded\assets\widget-icons\widget-vertical-oscillation.svg", "XML", 0, 0, 16, 0, 0, 0, 0, 0, 0, 0, 0, 1, 17
"d:\github\cyclemetry-reloaded\assets\widget-icons\widget-vertical-ratio.svg", "XML", 0, 0, 1, 0, 0, 0, 0, 0, 0, 0, 0, 1, 2
"d:\github\cyclemetry-reloaded\assets\widget-icons\widget-vertical-speed.svg", "XML", 0, 0, 1, 0, 0, 0, 0, 0, 0, 0, 0, 1, 2
"d:\github\cyclemetry-reloaded\pnpm-workspace.yaml", "YAML", 2, 0, 0, 0, 0, 0, 0, 0, 0, 0, 0, 1, 3
"d:\github\cyclemetry-reloaded\scripts\install-ffmpeg.mjs", "JavaScript", 0, 345, 0, 0, 0, 0, 0, 0, 0, 0, 1, 54, 400
"d:\github\cyclemetry-reloaded\scripts\package-portable.mjs", "JavaScript", 0, 412, 0, 0, 0, 0, 0, 0, 0, 0, 2, 61, 475
"d:\github\cyclemetry-reloaded\scripts\tauri.mjs", "JavaScript", 0, 49, 0, 0, 0, 0, 0, 0, 0, 0, 0, 6, 55
"d:\github\cyclemetry-reloaded\src-tauri\build.rs", "Rust", 0, 0, 0, 0, 6, 0, 0, 0, 0, 0, 8, 2, 16
"d:\github\cyclemetry-reloaded\src-tauri\icons\android\mipmap-anydpi-v26\ic_launcher.xml", "XML", 0, 0, 5, 0, 0, 0, 0, 0, 0, 0, 0, 0, 5
"d:\github\cyclemetry-reloaded\src-tauri\icons\android\values\ic_launcher_background.xml", "XML", 0, 0, 4, 0, 0, 0, 0, 0, 0, 0, 0, 0, 4
"d:\github\cyclemetry-reloaded\src-tauri\icons\icon.svg", "XML", 0, 0, 135, 0, 0, 0, 0, 0, 0, 0, 1, 2, 138
"d:\github\cyclemetry-reloaded\src-tauri\icons\logo.svg", "XML", 0, 0, 142, 0, 0, 0, 0, 0, 0, 0, 1, 2, 145
"d:\github\cyclemetry-reloaded\src-tauri\ovrley_core\build.rs", "Rust", 0, 0, 0, 0, 48, 0, 0, 0, 0, 0, 19, 8, 75
"d:\github\cyclemetry-reloaded\src-tauri\ovrley_core\patches\telemetry-parser-dji-camera-metadata.patch", "Diff", 0, 0, 0, 0, 0, 0, 73, 0, 0, 0, 0, 3, 76
"d:\github\cyclemetry-reloaded\src-tauri\ovrley_core\src\activity\finalize.rs", "Rust", 0, 0, 0, 0, 628, 0, 0, 0, 0, 0, 69, 42, 739
"d:\github\cyclemetry-reloaded\src-tauri\ovrley_core\src\activity\finalize\gap.rs", "Rust", 0, 0, 0, 0, 357, 0, 0, 0, 0, 0, 80, 37, 474
"d:\github\cyclemetry-reloaded\src-tauri\ovrley_core\src\activity\finalize\metrics.rs", "Rust", 0, 0, 0, 0, 410, 0, 0, 0, 0, 0, 67, 41, 518
"d:\github\cyclemetry-reloaded\src-tauri\ovrley_core\src\activity\finalize\smoothing.rs", "Rust", 0, 0, 0, 0, 83, 0, 0, 0, 0, 0, 12, 19, 114
"d:\github\cyclemetry-reloaded\src-tauri\ovrley_core\src\activity\interpolate.rs", "Rust", 0, 0, 0, 0, 426, 0, 0, 0, 0, 0, 61, 19, 506
"d:\github\cyclemetry-reloaded\src-tauri\ovrley_core\src\activity\mod.rs", "Rust", 0, 0, 0, 0, 38, 0, 0, 0, 0, 0, 16, 6, 60
"d:\github\cyclemetry-reloaded\src-tauri\ovrley_core\src\activity\schema.rs", "Rust", 0, 0, 0, 0, 343, 0, 0, 0, 0, 0, 246, 17, 606
"d:\github\cyclemetry-reloaded\src-tauri\ovrley_core\src\activity\trim.rs", "Rust", 0, 0, 0, 0, 508, 0, 0, 0, 0, 0, 52, 14, 574
"d:\github\cyclemetry-reloaded\src-tauri\ovrley_core\src\benchmark_common.rs", "Rust", 0, 0, 0, 0, 75, 0, 0, 0, 0, 0, 63, 23, 161
"d:\github\cyclemetry-reloaded\src-tauri\ovrley_core\src\bin\benchmark_composite.rs", "Rust", 0, 0, 0, 0, 414, 0, 0, 0, 0, 0, 43, 57, 514
"d:\github\cyclemetry-reloaded\src-tauri\ovrley_core\src\bin\benchmark_transparent.rs", "Rust", 0, 0, 0, 0, 324, 0, 0, 0, 0, 0, 40, 52, 416
"d:\github\cyclemetry-reloaded\src-tauri\ovrley_core\src\bin\benchmark_widget_rate.rs", "Rust", 0, 0, 0, 0, 441, 0, 0, 0, 0, 0, 43, 63, 547
"d:\github\cyclemetry-reloaded\src-tauri\ovrley_core\src\bin\parallel_render.rs", "Rust", 0, 0, 0, 0, 47, 0, 0, 0, 0, 0, 15, 15, 77
"d:\github\cyclemetry-reloaded\src-tauri\ovrley_core\src\bin\render_preview.rs", "Rust", 0, 0, 0, 0, 191, 0, 0, 0, 0, 0, 41, 20, 252
"d:\github\cyclemetry-reloaded\src-tauri\ovrley_core\src\bin\render_video.rs", "Rust", 0, 0, 0, 0, 78, 0, 0, 0, 0, 0, 32, 9, 119
"d:\github\cyclemetry-reloaded\src-tauri\ovrley_core\src\bin\validate_activity.rs", "Rust", 0, 0, 0, 0, 28, 0, 0, 0, 0, 0, 16, 7, 51
"d:\github\cyclemetry-reloaded\src-tauri\ovrley_core\src\bin_common.rs", "Rust", 0, 0, 0, 0, 52, 0, 0, 0, 0, 0, 23, 10, 85
"d:\github\cyclemetry-reloaded\src-tauri\ovrley_core\src\commands\elevation_geometry.rs", "Rust", 0, 0, 0, 0, 57, 0, 0, 0, 0, 0, 24, 10, 91
"d:\github\cyclemetry-reloaded\src-tauri\ovrley_core\src\commands\mod.rs", "Rust", 0, 0, 0, 0, 536, 0, 0, 0, 0, 0, 87, 63, 686
"d:\github\cyclemetry-reloaded\src-tauri\ovrley_core\src\commands\route_geometry.rs", "Rust", 0, 0, 0, 0, 54, 0, 0, 0, 0, 0, 22, 10, 86
"d:\github\cyclemetry-reloaded\src-tauri\ovrley_core\src\encode\codec_catalog.rs", "Rust", 0, 0, 0, 0, 288, 0, 0, 0, 0, 0, 28, 20, 336
"d:\github\cyclemetry-reloaded\src-tauri\ovrley_core\src\encode\codec_detect.rs", "Rust", 0, 0, 0, 0, 745, 0, 0, 0, 0, 0, 102, 28, 875
"d:\github\cyclemetry-reloaded\src-tauri\ovrley_core\src\encode\ffmpeg.rs", "Rust", 0, 0, 0, 0, 105, 0, 0, 0, 0, 0, 19, 21, 145
"d:\github\cyclemetry-reloaded\src-tauri\ovrley_core\src\encode\ffmpeg_composite.rs", "Rust", 0, 0, 0, 0, 559, 0, 0, 0, 0, 0, 118, 41, 718
"d:\github\cyclemetry-reloaded\src-tauri\ovrley_core\src\encode\ffmpeg_composite_profiles.rs", "Rust", 0, 0, 0, 0, 249, 0, 0, 0, 0, 0, 18, 15, 282
"d:\github\cyclemetry-reloaded\src-tauri\ovrley_core\src\encode\ffmpeg_settings.rs", "Rust", 0, 0, 0, 0, 98, 0, 0, 0, 0, 0, 29, 10, 137
"d:\github\cyclemetry-reloaded\src-tauri\ovrley_core\src\encode\ffmpeg_transparent_profiles.rs", "Rust", 0, 0, 0, 0, 84, 0, 0, 0, 0, 0, 11, 6, 101
"d:\github\cyclemetry-reloaded\src-tauri\ovrley_core\src\encode\fps.rs", "Rust", 0, 0, 0, 0, 79, 0, 0, 0, 0, 0, 27, 12, 118
"d:\github\cyclemetry-reloaded\src-tauri\ovrley_core\src\encode\mod.rs", "Rust", 0, 0, 0, 0, 20, 0, 0, 0, 0, 0, 37, 2, 59
"d:\github\cyclemetry-reloaded\src-tauri\ovrley_core\src\encode\pipeline_shared.rs", "Rust", 0, 0, 0, 0, 171, 0, 0, 0, 0, 0, 45, 16, 232
"d:\github\cyclemetry-reloaded\src-tauri\ovrley_core\src\encode\progress.rs", "Rust", 0, 0, 0, 0, 190, 0, 0, 0, 0, 0, 113, 22, 325
"d:\github\cyclemetry-reloaded\src-tauri\ovrley_core\src\encode\video.rs", "Rust", 0, 0, 0, 0, 81, 0, 0, 0, 0, 0, 21, 8, 110
"d:\github\cyclemetry-reloaded\src-tauri\ovrley_core\src\encode\video_composite_debug.rs", "Rust", 0, 0, 0, 0, 206, 0, 0, 0, 0, 0, 36, 17, 259
"d:\github\cyclemetry-reloaded\src-tauri\ovrley_core\src\encode\video_composite_pipeline.rs", "Rust", 0, 0, 0, 0, 717, 0, 0, 0, 0, 0, 110, 51, 878
"d:\github\cyclemetry-reloaded\src-tauri\ovrley_core\src\encode\video_composite_support.rs", "Rust", 0, 0, 0, 0, 62, 0, 0, 0, 0, 0, 24, 8, 94
"d:\github\cyclemetry-reloaded\src-tauri\ovrley_core\src\encode\video_debug.rs", "Rust", 0, 0, 0, 0, 315, 0, 0, 0, 0, 0, 29, 23, 367
"d:\github\cyclemetry-reloaded\src-tauri\ovrley_core\src\encode\video_parallel.rs", "Rust", 0, 0, 0, 0, 109, 0, 0, 0, 0, 0, 26, 14, 149
"d:\github\cyclemetry-reloaded\src-tauri\ovrley_core\src\encode\video_pipeline.rs", "Rust", 0, 0, 0, 0, 326, 0, 0, 0, 0, 0, 138, 26, 490
"d:\github\cyclemetry-reloaded\src-tauri\ovrley_core\src\encode\video_segmented.rs", "Rust", 0, 0, 0, 0, 440, 0, 0, 0, 0, 0, 61, 41, 542
"d:\github\cyclemetry-reloaded\src-tauri\ovrley_core\src\encode\video_windows.rs", "Rust", 0, 0, 0, 0, 72, 0, 0, 0, 0, 0, 30, 12, 114
"d:\github\cyclemetry-reloaded\src-tauri\ovrley_core\src\error.rs", "Rust", 0, 0, 0, 0, 31, 0, 0, 0, 0, 0, 23, 12, 66
"d:\github\cyclemetry-reloaded\src-tauri\ovrley_core\src\interpolation.rs", "Rust", 0, 0, 0, 0, 50, 0, 0, 0, 0, 0, 25, 5, 80
"d:\github\cyclemetry-reloaded\src-tauri\ovrley_core\src\lib.rs", "Rust", 0, 0, 0, 0, 18, 0, 0, 0, 0, 0, 25, 3, 46
"d:\github\cyclemetry-reloaded\src-tauri\ovrley_core\src\media\dji_ac004\mod.rs", "Rust", 0, 0, 0, 0, 112, 0, 0, 0, 0, 0, 37, 21, 170
"d:\github\cyclemetry-reloaded\src-tauri\ovrley_core\src\media\dji_ac004\parser.rs", "Rust", 0, 0, 0, 0, 121, 0, 0, 0, 0, 0, 22, 20, 163
"d:\github\cyclemetry-reloaded\src-tauri\ovrley_core\src\media\dji_ac004\protobuf.rs", "Rust", 0, 0, 0, 0, 121, 0, 0, 0, 0, 0, 32, 17, 170
"d:\github\cyclemetry-reloaded\src-tauri\ovrley_core\src\media\mod.rs", "Rust", 0, 0, 0, 0, 8, 0, 0, 0, 0, 0, 11, 3, 22
"d:\github\cyclemetry-reloaded\src-tauri\ovrley_core\src\media\mp4_telemetry\activity.rs", "Rust", 0, 0, 0, 0, 173, 0, 0, 0, 0, 0, 14, 13, 200
"d:\github\cyclemetry-reloaded\src-tauri\ovrley_core\src\media\mp4_telemetry\extraction.rs", "Rust", 0, 0, 0, 0, 364, 0, 0, 0, 0, 0, 41, 40, 445
"d:\github\cyclemetry-reloaded\src-tauri\ovrley_core\src\media\mp4_telemetry\mod.rs", "Rust", 0, 0, 0, 0, 360, 0, 0, 0, 0, 0, 83, 51, 494
"d:\github\cyclemetry-reloaded\src-tauri\ovrley_core\src\media\mp4_telemetry\smoothing.rs", "Rust", 0, 0, 0, 0, 35, 0, 0, 0, 0, 0, 20, 6, 61
"d:\github\cyclemetry-reloaded\src-tauri\ovrley_core\src\media\mp4_telemetry\tags.rs", "Rust", 0, 0, 0, 0, 84, 0, 0, 0, 0, 0, 32, 13, 129
"d:\github\cyclemetry-reloaded\src-tauri\ovrley_core\src\media\mp4_telemetry\vendor.rs", "Rust", 0, 0, 0, 0, 180, 0, 0, 0, 0, 0, 27, 18, 225
"d:\github\cyclemetry-reloaded\src-tauri\ovrley_core\src\media\native_sample.rs", "Rust", 0, 0, 0, 0, 49, 0, 0, 0, 0, 0, 21, 7, 77
"d:\github\cyclemetry-reloaded\src-tauri\ovrley_core\src\media\source_video_metadata.rs", "Rust", 0, 0, 0, 0, 29, 0, 0, 0, 0, 0, 12, 4, 45
"d:\github\cyclemetry-reloaded\src-tauri\ovrley_core\src\media\telemetry_math.rs", "Rust", 0, 0, 0, 0, 36, 0, 0, 0, 0, 0, 33, 7, 76
"d:\github\cyclemetry-reloaded\src-tauri\ovrley_core\src\media\time.rs", "Rust", 0, 0, 0, 0, 90, 0, 0, 0, 0, 0, 16, 20, 126
"d:\github\cyclemetry-reloaded\src-tauri\ovrley_core\src\media\video_probe.rs", "Rust", 0, 0, 0, 0, 211, 0, 0, 0, 0, 0, 61, 29, 301
"d:\github\cyclemetry-reloaded\src-tauri\ovrley_core\src\normalize\arc_gauge.rs", "Rust", 0, 0, 0, 0, 210, 0, 0, 0, 0, 0, 13, 23, 246
"d:\github\cyclemetry-reloaded\src-tauri\ovrley_core\src\normalize\backdrop.rs", "Rust", 0, 0, 0, 0, 164, 0, 0, 0, 0, 0, 6, 15, 185
"d:\github\cyclemetry-reloaded\src-tauri\ovrley_core\src\normalize\elevation.rs", "Rust", 0, 0, 0, 0, 287, 0, 0, 0, 0, 0, 7, 28, 322
"d:\github\cyclemetry-reloaded\src-tauri\ovrley_core\src\normalize\gradient.rs", "Rust", 0, 0, 0, 0, 320, 0, 0, 0, 0, 0, 24, 47, 391
"d:\github\cyclemetry-reloaded\src-tauri\ovrley_core\src\normalize\heading.rs", "Rust", 0, 0, 0, 0, 484, 0, 0, 0, 0, 0, 13, 43, 540
"d:\github\cyclemetry-reloaded\src-tauri\ovrley_core\src\normalize\helpers.rs", "Rust", 0, 0, 0, 0, 151, 0, 0, 0, 0, 0, 21, 23, 195
"d:\github\cyclemetry-reloaded\src-tauri\ovrley_core\src\normalize\label.rs", "Rust", 0, 0, 0, 0, 187, 0, 0, 0, 0, 0, 29, 34, 250
"d:\github\cyclemetry-reloaded\src-tauri\ovrley_core\src\normalize\linear_gauge.rs", "Rust", 0, 0, 0, 0, 156, 0, 0, 0, 0, 0, 12, 13, 181
"d:\github\cyclemetry-reloaded\src-tauri\ovrley_core\src\normalize\mod.rs", "Rust", 0, 0, 0, 0, 214, 0, 0, 0, 0, 0, 19, 23, 256
"d:\github\cyclemetry-reloaded\src-tauri\ovrley_core\src\normalize\raw\mod.rs", "Rust", 0, 0, 0, 0, 771, 0, 0, 0, 0, 0, 51, 49, 871
"d:\github\cyclemetry-reloaded\src-tauri\ovrley_core\src\normalize\route.rs", "Rust", 0, 0, 0, 0, 203, 0, 0, 0, 0, 0, 6, 23, 232
"d:\github\cyclemetry-reloaded\src-tauri\ovrley_core\src\normalize\scene.rs", "Rust", 0, 0, 0, 0, 217, 0, 0, 0, 0, 0, 17, 23, 257
"d:\github\cyclemetry-reloaded\src-tauri\ovrley_core\src\normalize\time.rs", "Rust", 0, 0, 0, 0, 167, 0, 0, 0, 0, 0, 8, 18, 193
"d:\github\cyclemetry-reloaded\src-tauri\ovrley_core\src\normalize\value.rs", "Rust", 0, 0, 0, 0, 540, 0, 0, 0, 0, 0, 37, 61, 638
"d:\github\cyclemetry-reloaded\src-tauri\ovrley_core\src\paths.rs", "Rust", 0, 0, 0, 0, 80, 0, 0, 0, 0, 0, 27, 11, 118
"d:\github\cyclemetry-reloaded\src-tauri\ovrley_core\src\rdp.rs", "Rust", 0, 0, 0, 0, 57, 0, 0, 0, 0, 0, 32, 12, 101
"d:\github\cyclemetry-reloaded\src-tauri\ovrley_core\src\render\format.rs", "Rust", 0, 0, 0, 0, 604, 0, 0, 0, 0, 0, 44, 32, 680
"d:\github\cyclemetry-reloaded\src-tauri\ovrley_core\src\render\mod.rs", "Rust", 0, 0, 0, 0, 511, 0, 0, 0, 0, 0, 71, 34, 616
"d:\github\cyclemetry-reloaded\src-tauri\ovrley_core\src\render\static_layer.rs", "Rust", 0, 0, 0, 0, 173, 0, 0, 0, 0, 0, 24, 15, 212
"d:\github\cyclemetry-reloaded\src-tauri\ovrley_core\src\render\surface.rs", "Rust", 0, 0, 0, 0, 39, 0, 0, 0, 0, 0, 24, 6, 69
"d:\github\cyclemetry-reloaded\src-tauri\ovrley_core\src\render\text.rs", "Rust", 0, 0, 0, 0, 360, 0, 0, 0, 0, 0, 58, 42, 460
"d:\github\cyclemetry-reloaded\src-tauri\ovrley_core\src\render\widgets\backdrop.rs", "Rust", 0, 0, 0, 0, 134, 0, 0, 0, 0, 0, 1, 20, 155
"d:\github\cyclemetry-reloaded\src-tauri\ovrley_core\src\render\widgets\common.rs", "Rust", 0, 0, 0, 0, 350, 0, 0, 0, 0, 0, 40, 35, 425
"d:\github\cyclemetry-reloaded\src-tauri\ovrley_core\src\render\widgets\elevation\draw.rs", "Rust", 0, 0, 0, 0, 181, 0, 0, 0, 0, 0, 19, 8, 208
"d:\github\cyclemetry-reloaded\src-tauri\ovrley_core\src\render\widgets\elevation\frame_state.rs", "Rust", 0, 0, 0, 0, 197, 0, 0, 0, 0, 0, 22, 22, 241
"d:\github\cyclemetry-reloaded\src-tauri\ovrley_core\src\render\widgets\elevation\mod.rs", "Rust", 0, 0, 0, 0, 14, 0, 0, 0, 0, 0, 13, 3, 30
"d:\github\cyclemetry-reloaded\src-tauri\ovrley_core\src\render\widgets\elevation\normalize.rs", "Rust", 0, 0, 0, 0, 54, 0, 0, 0, 0, 0, 4, 3, 61
"d:\github\cyclemetry-reloaded\src-tauri\ovrley_core\src\render\widgets\elevation\prepare.rs", "Rust", 0, 0, 0, 0, 231, 0, 0, 0, 0, 0, 21, 15, 267
"d:\github\cyclemetry-reloaded\src-tauri\ovrley_core\src\render\widgets\elevation\reduction.rs", "Rust", 0, 0, 0, 0, 230, 0, 0, 0, 0, 0, 35, 27, 292
"d:\github\cyclemetry-reloaded\src-tauri\ovrley_core\src\render\widgets\gauges\arc\inner_widget.rs", "Rust", 0, 0, 0, 0, 79, 0, 0, 0, 0, 0, 1, 8, 88
"d:\github\cyclemetry-reloaded\src-tauri\ovrley_core\src\render\widgets\gauges\arc\mod.rs", "Rust", 0, 0, 0, 0, 434, 0, 0, 0, 0, 0, 19, 29, 482
"d:\github\cyclemetry-reloaded\src-tauri\ovrley_core\src\render\widgets\gauges\arc\path.rs", "Rust", 0, 0, 0, 0, 488, 0, 0, 0, 0, 0, 37, 40, 565
"d:\github\cyclemetry-reloaded\src-tauri\ovrley_core\src\render\widgets\gauges\labels.rs", "Rust", 0, 0, 0, 0, 7, 0, 0, 0, 0, 0, 3, 2, 12
"d:\github\cyclemetry-reloaded\src-tauri\ovrley_core\src\render\widgets\gauges\linear\mod.rs", "Rust", 0, 0, 0, 0, 477, 0, 0, 0, 0, 0, 15, 34, 526
"d:\github\cyclemetry-reloaded\src-tauri\ovrley_core\src\render\widgets\gauges\mod.rs", "Rust", 0, 0, 0, 0, 4, 0, 0, 0, 0, 0, 5, 2, 11
"d:\github\cyclemetry-reloaded\src-tauri\ovrley_core\src\render\widgets\gauges\range.rs", "Rust", 0, 0, 0, 0, 53, 0, 0, 0, 0, 0, 3, 5, 61
"d:\github\cyclemetry-reloaded\src-tauri\ovrley_core\src\render\widgets\geometry.rs", "Rust", 0, 0, 0, 0, 3, 0, 0, 0, 0, 0, 12, 2, 17
"d:\github\cyclemetry-reloaded\src-tauri\ovrley_core\src\render\widgets\heading\draw.rs", "Rust", 0, 0, 0, 0, 182, 0, 0, 0, 0, 0, 22, 20, 224
"d:\github\cyclemetry-reloaded\src-tauri\ovrley_core\src\render\widgets\heading\geometry.rs", "Rust", 0, 0, 0, 0, 299, 0, 0, 0, 0, 0, 63, 36, 398
"d:\github\cyclemetry-reloaded\src-tauri\ovrley_core\src\render\widgets\heading\mod.rs", "Rust", 0, 0, 0, 0, 5, 0, 0, 0, 0, 0, 10, 3, 18
"d:\github\cyclemetry-reloaded\src-tauri\ovrley_core\src\render\widgets\heading\prepare.rs", "Rust", 0, 0, 0, 0, 213, 0, 0, 0, 0, 0, 20, 28, 261
"d:\github\cyclemetry-reloaded\src-tauri\ovrley_core\src\render\widgets\marker.rs", "Rust", 0, 0, 0, 0, 84, 0, 0, 0, 0, 0, 18, 8, 110
"d:\github\cyclemetry-reloaded\src-tauri\ovrley_core\src\render\widgets\metric_presentation.rs", "Rust", 0, 0, 0, 0, 103, 0, 0, 0, 0, 0, 35, 10, 148
"d:\github\cyclemetry-reloaded\src-tauri\ovrley_core\src\render\widgets\mod.rs", "Rust", 0, 0, 0, 0, 118, 0, 0, 0, 0, 0, 30, 11, 159
"d:\github\cyclemetry-reloaded\src-tauri\ovrley_core\src\render\widgets\polyline.rs", "Rust", 0, 0, 0, 0, 72, 0, 0, 0, 0, 0, 16, 7, 95
"d:\github\cyclemetry-reloaded\src-tauri\ovrley_core\src\render\widgets\route\draw.rs", "Rust", 0, 0, 0, 0, 57, 0, 0, 0, 0, 0, 5, 5, 67
"d:\github\cyclemetry-reloaded\src-tauri\ovrley_core\src\render\widgets\route\frame_state.rs", "Rust", 0, 0, 0, 0, 105, 0, 0, 0, 0, 0, 15, 5, 125
"d:\github\cyclemetry-reloaded\src-tauri\ovrley_core\src\render\widgets\route\mod.rs", "Rust", 0, 0, 0, 0, 9, 0, 0, 0, 0, 0, 13, 3, 25
"d:\github\cyclemetry-reloaded\src-tauri\ovrley_core\src\render\widgets\route\normalize.rs", "Rust", 0, 0, 0, 0, 40, 0, 0, 0, 0, 0, 4, 3, 47
"d:\github\cyclemetry-reloaded\src-tauri\ovrley_core\src\render\widgets\route\prepare.rs", "Rust", 0, 0, 0, 0, 275, 0, 0, 0, 0, 0, 22, 18, 315
"d:\github\cyclemetry-reloaded\src-tauri\ovrley_core\src\render\widgets\route\simplify.rs", "Rust", 0, 0, 0, 0, 63, 0, 0, 0, 0, 0, 11, 12, 86
"d:\github\cyclemetry-reloaded\src-tauri\ovrley_core\src\render\widgets\tests\elevation_frame_state_tests.rs", "Rust", 0, 0, 0, 0, 287, 0, 0, 0, 0, 0, 35, 27, 349
"d:\github\cyclemetry-reloaded\src-tauri\ovrley_core\src\render\widgets\tests\elevation_geometry_tests.rs", "Rust", 0, 0, 0, 0, 110, 0, 0, 0, 0, 0, 21, 12, 143
"d:\github\cyclemetry-reloaded\src-tauri\ovrley_core\src\render\widgets\tests\elevation_reduction_tests.rs", "Rust", 0, 0, 0, 0, 88, 0, 0, 0, 0, 0, 30, 14, 132
"d:\github\cyclemetry-reloaded\src-tauri\ovrley_core\src\render\widgets\tests\mod.rs", "Rust", 0, 0, 0, 0, 5, 0, 0, 0, 0, 0, 13, 2, 20
"d:\github\cyclemetry-reloaded\src-tauri\ovrley_core\src\render\widgets\tests\rdp_elevation_tests.rs", "Rust", 0, 0, 0, 0, 71, 0, 0, 0, 0, 0, 22, 9, 102
"d:\github\cyclemetry-reloaded\src-tauri\ovrley_core\src\render\widgets\tests\rdp_route_tests.rs", "Rust", 0, 0, 0, 0, 50, 0, 0, 0, 0, 0, 20, 8, 78
"d:\github\cyclemetry-reloaded\src-tauri\ovrley_core\src\render\widgets\transform.rs", "Rust", 0, 0, 0, 0, 41, 0, 0, 0, 0, 0, 16, 4, 61
"d:\github\cyclemetry-reloaded\src-tauri\ovrley_core\src\render\widgets\types.rs", "Rust", 0, 0, 0, 0, 353, 0, 0, 0, 0, 0, 59, 32, 444
"d:\github\cyclemetry-reloaded\src-tauri\ovrley_core\src\render\widgets\value\gradient.rs", "Rust", 0, 0, 0, 0, 165, 0, 0, 0, 0, 0, 30, 19, 214
"d:\github\cyclemetry-reloaded\src-tauri\ovrley_core\src\render\widgets\value\icons.rs", "Rust", 0, 0, 0, 0, 435, 0, 0, 0, 0, 0, 28, 17, 480
"d:\github\cyclemetry-reloaded\src-tauri\ovrley_core\src\render\widgets\value\layout.rs", "Rust", 0, 0, 0, 0, 186, 0, 0, 0, 0, 0, 21, 18, 225
"d:\github\cyclemetry-reloaded\src-tauri\ovrley_core\src\render\widgets\value\mod.rs", "Rust", 0, 0, 0, 0, 292, 0, 0, 0, 0, 0, 32, 16, 340
"d:\github\cyclemetry-reloaded\src-tauri\ovrley_core\src\render\widgets\value\svg.rs", "Rust", 0, 0, 0, 0, 263, 0, 0, 0, 0, 0, 39, 26, 328
"d:\github\cyclemetry-reloaded\src-tauri\ovrley_core\src\standard_metrics.rs", "Rust", 0, 0, 0, 0, 413, 0, 0, 0, 0, 0, 23, 46, 482
"d:\github\cyclemetry-reloaded\src-tauri\ovrley_core\src\standard_widgets.rs", "Rust", 0, 0, 0, 0, 106, 0, 0, 0, 0, 0, 5, 21, 132
"d:\github\cyclemetry-reloaded\src-tauri\ovrley_core\src\types.rs", "Rust", 0, 0, 0, 0, 127, 0, 0, 0, 0, 0, 40, 8, 175
"d:\github\cyclemetry-reloaded\src-tauri\ovrley_core\tests\activity_extraction_tests.rs", "Rust", 0, 0, 0, 0, 240, 0, 0, 0, 0, 0, 14, 32, 286
"d:\github\cyclemetry-reloaded\src-tauri\ovrley_core\tests\activity_tests.rs", "Rust", 0, 0, 0, 0, 477, 0, 0, 0, 0, 0, 8, 49, 534
"d:\github\cyclemetry-reloaded\src-tauri\ovrley_core\tests\arc_gauge_tests.rs", "Rust", 0, 0, 0, 0, 223, 0, 0, 0, 0, 0, 0, 20, 243
"d:\github\cyclemetry-reloaded\src-tauri\ovrley_core\tests\backdrop_contract_tests.rs", "Rust", 0, 0, 0, 0, 561, 0, 0, 0, 0, 0, 0, 56, 617
"d:\github\cyclemetry-reloaded\src-tauri\ovrley_core\tests\cancellation_tests.rs", "Rust", 0, 0, 0, 0, 20, 0, 0, 0, 0, 0, 7, 8, 35
"d:\github\cyclemetry-reloaded\src-tauri\ovrley_core\tests\canvas_parity_tests.rs", "Rust", 0, 0, 0, 0, 311, 0, 0, 0, 0, 0, 32, 21, 364
"d:\github\cyclemetry-reloaded\src-tauri\ovrley_core\tests\codec_detect_tests.rs", "Rust", 0, 0, 0, 0, 22, 0, 0, 0, 0, 0, 13, 4, 39
"d:\github\cyclemetry-reloaded\src-tauri\ovrley_core\tests\commands_tests.rs", "Rust", 0, 0, 0, 0, 360, 0, 0, 0, 0, 0, 89, 41, 490
"d:\github\cyclemetry-reloaded\src-tauri\ovrley_core\tests\common\builders.rs", "Rust", 0, 0, 0, 0, 111, 0, 0, 0, 0, 0, 7, 15, 133
"d:\github\cyclemetry-reloaded\src-tauri\ovrley_core\tests\common\canvas_parity.rs", "Rust", 0, 0, 0, 0, 1361, 0, 0, 0, 0, 0, 301, 175, 1837
"d:\github\cyclemetry-reloaded\src-tauri\ovrley_core\tests\common\composite.rs", "Rust", 0, 0, 0, 0, 434, 0, 0, 0, 0, 0, 68, 33, 535
"d:\github\cyclemetry-reloaded\src-tauri\ovrley_core\tests\common\mod.rs", "Rust", 0, 0, 0, 0, 4, 0, 0, 0, 0, 0, 10, 2, 16
"d:\github\cyclemetry-reloaded\src-tauri\ovrley_core\tests\common\render_baseline_support.rs", "Rust", 0, 0, 0, 0, 792, 0, 0, 0, 0, 0, 90, 81, 963
"d:\github\cyclemetry-reloaded\src-tauri\ovrley_core\tests\common\seam.rs", "Rust", 0, 0, 0, 0, 35, 0, 0, 0, 0, 0, 0, 6, 41
"d:\github\cyclemetry-reloaded\src-tauri\ovrley_core\tests\common\test_config.rs", "Rust", 0, 0, 0, 0, 52, 0, 0, 0, 0, 0, 23, 14, 89
"d:\github\cyclemetry-reloaded\src-tauri\ovrley_core\tests\composite_profile_tests.rs", "Rust", 0, 0, 0, 0, 49, 0, 0, 0, 0, 0, 14, 6, 69
"d:\github\cyclemetry-reloaded\src-tauri\ovrley_core\tests\config_tests.rs", "Rust", 0, 0, 0, 0, 223, 0, 0, 0, 0, 0, 6, 18, 247
"d:\github\cyclemetry-reloaded\src-tauri\ovrley_core\tests\corner_gauge_tests.rs", "Rust", 0, 0, 0, 0, 203, 0, 0, 0, 0, 0, 0, 18, 221
"d:\github\cyclemetry-reloaded\src-tauri\ovrley_core\tests\display_type_tests.rs", "Rust", 0, 0, 0, 0, 171, 0, 0, 0, 0, 0, 5, 15, 191
"d:\github\cyclemetry-reloaded\src-tauri\ovrley_core\tests\dji_ac004_tests.rs", "Rust", 0, 0, 0, 0, 259, 0, 0, 0, 0, 0, 0, 27, 286
"d:\github\cyclemetry-reloaded\src-tauri\ovrley_core\tests\elevation_geometry_tests.rs", "Rust", 0, 0, 0, 0, 225, 0, 0, 0, 0, 0, 26, 25, 276
"d:\github\cyclemetry-reloaded\src-tauri\ovrley_core\tests\error_display_tests.rs", "Rust", 0, 0, 0, 0, 73, 0, 0, 0, 0, 0, 13, 10, 96
"d:\github\cyclemetry-reloaded\src-tauri\ovrley_core\tests\ffmpeg_composite_tests.rs", "Rust", 0, 0, 0, 0, 667, 0, 0, 0, 0, 0, 43, 69, 779
"d:\github\cyclemetry-reloaded\src-tauri\ovrley_core\tests\ffmpeg_settings_tests.rs", "Rust", 0, 0, 0, 0, 161, 0, 0, 0, 0, 0, 16, 17, 194
"d:\github\cyclemetry-reloaded\src-tauri\ovrley_core\tests\format_tests.rs", "Rust", 0, 0, 0, 0, 230, 0, 0, 0, 0, 0, 5, 19, 254
"d:\github\cyclemetry-reloaded\src-tauri\ovrley_core\tests\fps_tests.rs", "Rust", 0, 0, 0, 0, 70, 0, 0, 0, 0, 0, 22, 14, 106
"d:\github\cyclemetry-reloaded\src-tauri\ovrley_core\tests\gradient_format_tests.rs", "Rust", 0, 0, 0, 0, 134, 0, 0, 0, 0, 0, 9, 21, 164
"d:\github\cyclemetry-reloaded\src-tauri\ovrley_core\tests\heading_data_tests.rs", "Rust", 0, 0, 0, 0, 92, 0, 0, 0, 0, 0, 5, 18, 115
"d:\github\cyclemetry-reloaded\src-tauri\ovrley_core\tests\heading_widget_tests.rs", "Rust", 0, 0, 0, 0, 365, 0, 0, 0, 0, 0, 37, 52, 454
"d:\github\cyclemetry-reloaded\src-tauri\ovrley_core\tests\linear_gauge_tests.rs", "Rust", 0, 0, 0, 0, 225, 0, 0, 0, 0, 0, 0, 19, 244
"d:\github\cyclemetry-reloaded\src-tauri\ovrley_core\tests\metric_kind_serde_tests.rs", "Rust", 0, 0, 0, 0, 58, 0, 0, 0, 0, 0, 14, 6, 78
"d:\github\cyclemetry-reloaded\src-tauri\ovrley_core\tests\metric_presentation_tests.rs", "Rust", 0, 0, 0, 0, 605, 0, 0, 0, 0, 0, 23, 61, 689
"d:\github\cyclemetry-reloaded\src-tauri\ovrley_core\tests\mp4_telemetry_fixture_tests.rs", "Rust", 0, 0, 0, 0, 139, 0, 0, 0, 0, 0, 0, 18, 157
"d:\github\cyclemetry-reloaded\src-tauri\ovrley_core\tests\preview_canvas_parity_format_tests.rs", "Rust", 0, 0, 0, 0, 35, 0, 0, 0, 0, 0, 6, 10, 51
"d:\github\cyclemetry-reloaded\src-tauri\ovrley_core\tests\progress_tests.rs", "Rust", 0, 0, 0, 0, 52, 0, 0, 0, 0, 0, 21, 18, 91
"d:\github\cyclemetry-reloaded\src-tauri\ovrley_core\tests\rdp_tests.rs", "Rust", 0, 0, 0, 0, 62, 0, 0, 0, 0, 0, 31, 10, 103
"d:\github\cyclemetry-reloaded\src-tauri\ovrley_core\tests\render_baseline_suite.rs", "Rust", 0, 0, 0, 0, 28, 0, 0, 0, 0, 0, 14, 6, 48
"d:\github\cyclemetry-reloaded\src-tauri\ovrley_core\tests\route_geometry_tests.rs", "Rust", 0, 0, 0, 0, 190, 0, 0, 0, 0, 0, 26, 22, 238
"d:\github\cyclemetry-reloaded\src-tauri\ovrley_core\tests\scripts\canvas_screenshot.mjs", "JavaScript", 0, 234, 0, 0, 0, 0, 0, 0, 0, 0, 33, 33, 300
"d:\github\cyclemetry-reloaded\src-tauri\ovrley_core\tests\standard_metrics_display_type_tests.rs", "Rust", 0, 0, 0, 0, 90, 0, 0, 0, 0, 0, 16, 15, 121
"d:\github\cyclemetry-reloaded\src-tauri\ovrley_core\tests\value_widget_tests.rs", "Rust", 0, 0, 0, 0, 77, 0, 0, 0, 0, 0, 21, 12, 110
"d:\github\cyclemetry-reloaded\src-tauri\ovrley_core\tests\video_composite_pipeline_tests.rs", "Rust", 0, 0, 0, 0, 500, 0, 0, 0, 0, 0, 140, 64, 704
"d:\github\cyclemetry-reloaded\src-tauri\ovrley_core\tests\video_probe_tests.rs", "Rust", 0, 0, 0, 0, 100, 0, 0, 0, 0, 0, 22, 24, 146
"d:\github\cyclemetry-reloaded\src-tauri\ovrley_core\tests\video_tests.rs", "Rust", 0, 0, 0, 0, 30, 0, 0, 0, 0, 0, 14, 6, 50
"d:\github\cyclemetry-reloaded\src-tauri\ovrley_core\tests\wave1_format_tests.rs", "Rust", 0, 0, 0, 0, 618, 0, 0, 0, 0, 0, 10, 50, 678
"d:\github\cyclemetry-reloaded\src-tauri\src\file_ops.rs", "Rust", 0, 0, 0, 0, 39, 0, 0, 0, 0, 0, 19, 10, 68
"d:\github\cyclemetry-reloaded\src-tauri\src\lib.rs", "Rust", 0, 0, 0, 0, 70, 0, 0, 0, 0, 0, 29, 10, 109
"d:\github\cyclemetry-reloaded\src-tauri\src\main.rs", "Rust", 0, 0, 0, 0, 4, 0, 0, 0, 0, 0, 8, 3, 15
"d:\github\cyclemetry-reloaded\src-tauri\src\preview_import.rs", "Rust", 0, 0, 0, 0, 39, 0, 0, 0, 0, 0, 21, 7, 67
"d:\github\cyclemetry-reloaded\src-tauri\src\runtime_paths.rs", "Rust", 0, 0, 0, 0, 40, 0, 0, 0, 0, 0, 23, 6, 69
"d:\github\cyclemetry-reloaded\src-tauri\src\tauri_commands.rs", "Rust", 0, 0, 0, 0, 220, 0, 0, 0, 0, 0, 68, 29, 317
"d:\github\cyclemetry-reloaded\src-tauri\src\video_server.rs", "Rust", 0, 0, 0, 0, 356, 0, 0, 0, 0, 0, 114, 57, 527
"d:\github\cyclemetry-reloaded\src-tauri\src\video_server_tests.rs", "Rust", 0, 0, 0, 0, 204, 0, 0, 0, 0, 0, 46, 25, 275
"Total", "-", 368, 18363, 738, 12798, 37286, 324, 73, 19, 5, 8, 11537, 9089, 90608